"idb.100028.b","BE"
"idb.1001.0","AU"
"idb.1002.3","AU"
"idb.10025.36","GB"
"idb.1003.2","AU"
"idb.1004.5","AU"
"idb.10041.34","ES"
"idb.10049.3c","IE"
"idb.1005.4","AU"
"idb.10051.35","GB"
"idb.1006.7","GB"
"idb.10067.30","UA"
"idb.10069.3e","FR"
"idb.1007.6","AU"
"idb.1008.9","AU"
"idb.100822.9","IS"
"idb.1009.8","AU"
"idb.10090.38","IL"
"idb.10095.3d","IT"
"idb.10097.3f","ES"
"idb.100995.4","GB"
"idb.1010.0","AU"
"idb.1011.1","AU"
"idb.1012.2","AU"
"idb.1013.3","AU"
"idb.1014.4","AU"
"idb.1017.7","AU"
"idb.10178.3f",""
"idb.1018.8","AU"
"idb.1019.9","AU"
"idb.101970.e","GB"
"idb.101992.2","GB"
"idb.1021.2","AU"
"idb.10211.33","DE"
"idb.10212.30","GR"
"idb.10215.37","ES"
"idb.1022.1","AU"
"idb.10223.32","TH"
"idb.1024.7","AU"
"idb.1025.6","AU"
"idb.10251.37","EG"
"idb.10253.35","DE"
"idb.1026.5","AU"
"idb.102627.0","GB"
"idb.10267.32","CZ"
"idb.1027.4",""
"idb.10283.38","FR"
"idb.10291.3b","BG"
"idb.10306.34","GB"
"idb.1032.0","AU"
"idb.10328.38","PT"
"idb.10334.35","HU"
"idb.10338.39","GB"
"idb.10346.30","GB"
"idb.10347.31","MY"
"idb.1035.7","PL"
"idb.10359.3e","TR"
"idb.10373.36","IT"
"idb.1038.a","AU"
"idb.10381.3b","IT"
"idb.10383.39","IT"
"idb.10388.32","DE"
"idb.10390.3b","FR"
"idb.10392.39","DE"
"idb.10400.35","FR"
"idb.10403.36","ES"
"idb.10404.31","DE"
"idb.10412.36","MA"
"idb.10414.30","RO"
"idb.10415.31","BG"
"idb.10417.33","NL"
"idb.10419.3d","NL"
"idb.1042.7",""
"idb.10420.37","AT"
"idb.10421.36","BO"
"idb.10423.34","DE"
"idb.10436.30","IE"
"idb.10438.3e","IT"
"idb.10447.36","ES"
"idb.104514.5","GB"
"idb.104846.f","GB"
"idb.104887.2","MX"
"idb.1049.c","AU"
"idb.10491.3d","BO"
"idb.10493.3f","DE"
"idb.10506.32","IT"
"idb.105130.6","FR"
"idb.10516.33","TR"
"idb.1052.6","SE"
"idb.10525.33","GB"
"idb.10533.34","GB"
"idb.105355.7","GB"
"idb.10548.38","SE"
"idb.10555.34","GB"
"idb.10567.35","IS"
"idb.10570.33","IL"
"idb.105807.b","IT"
"idb.10582.3e","GB"
"idb.10586.3a","ES"
"idb.10594.39","FR"
"idb.10595.38","MW"
"idb.10598.35","NA"
"idb.10599.34","PE"
"idb.106003.4","GB"
"idb.10601.36","HN"
"idb.106023.6","ES"
"idb.10604.33","KE"
"idb.106551.6","GR"
"idb.10689.36","CO"
"idb.10690.3e","AR"
"idb.10692.3c","AR"
"idb.10698.36","US"
"idb.10699.37","PE"
"idb.10702.34","ES"
"idb.10706.30","IN"
"idb.10708.3e","BR"
"idb.10711.36","CH"
"idb.10733.36","NE"
"idb.10737.32","FR"
"idb.10757.34","NG"
"idb.10760.30","NL"
"idb.10761.31","NL"
"idb.10772.33","PT"
"idb.10776.37","IT"
"idb.10784.3a","CN"
"idb.10789.37","PL"
"idb.107891.6","PL"
"idb.107950.a","PL"
"idb.10796.39","IT"
"idb.107973.b","RU"
"idb.10798.37","AR"
"idb.107984.3","BG"
"idb.107988.f","KZ"
"idb.10800.39","PE"
"idb.10803.3a","GA"
"idb.108103.b","UA"
"idb.108124.e","ID"
"idb.108126.c","ID"
"idb.108137.c","AR"
"idb.10814.3c","AR"
"idb.108162.c","AR"
"idb.10818.30","RW"
"idb.10821.3a","AR"
"idb.10822.39",""
"idb.10824.3f","NG"
"idb.10825.3e","DK"
"idb.108311.a","NI"
"idb.108348.6","TH"
"idb.108365.9","AR"
"idb.10837.3d","GB"
"idb.10839.33","FR"
"idb.10854.38","DE"
"idb.10858.34","FI"
"idb.10862.3d","BR"
"idb.10863.3c","ES"
"idb.108685.2","GB"
"idb.108743.9","CA"
"idb.108752.9","GB"
"idb.10877.39","FR"
"idb.108884.d","CA"
"idb.10894.34","DE"
"idb.10911.38","IT"
"idb.10914.3d","NL"
"idb.10917.3e","NO"
"idb.10918.31","BF"
"idb.10919.30","NO"
"idb.10939.32","EE"
"idb.10979.36","CZ"
"idb.10984.34","PA"
"idb.10985.35","GR"
"idb.10988.38","FR"
"idb.10992.33","FR"
"idb.109948.d","GB"
"idb.10999.38","CL"
"idb.11023.31","ES"
"idb.11024.36","FR"
"idb.11028.3a","CZ"
"idb.11046.32","DE"
"idb.11047.33","GR"
"idb.1108.8","US"
"idb.11081.39","DE"
"idb.11100.31","PE"
"idb.11108.39","ES"
"idb.11134.36","PH"
"idb.11135.37","CN"
"idb.11136.34","FR"
"idb.11139.3b","LK"
"idb.11142.37","MY"
"idb.11159.3d","PH"
"idb.11162.35","FR"
"idb.11166.31","FR"
"idb.11173.35","PK"
"idb.11175.33","SK"
"idb.11176.30","PH"
"idb.11184.3d","NL"
"idb.11194.3c","UG"
"idb.11199.31","IT"
"idb.11200.32","CM"
"idb.11201.33","GB"
"idb.11205.37","ES"
"idb.1121.3","GB"
"idb.11220.30","TR"
"idb.112203.3","NL"
"idb.1127.5","GB"
"idb.11318.3a","FR"
"idb.11325.34","IT"
"idb.113442.1","RU"
"idb.11348.3f","DE"
"idb.11355.33","BG"
"idb.11375.31","SI"
"idb.1138.b","US"
"idb.11381.3a","PT"
"idb.114033.4","FR"
"idb.11417.32","FR"
"idb.11447.37","IL"
"idb.11450.31","IT"
"idb.11469.3b","IT"
"idb.11478.3b","ES"
"idb.11480.3c","ES"
"idb.11485.39","GB"
"idb.11486.3a","BE"
"idb.11492.3f","IT"
"idb.11503.36","NL"
"idb.11505.30","BE"
"idb.11513.37","LT"
"idb.11543.32","FR"
"idb.115537.4","ES"
"idb.115636.6","DE"
"idb.11598.34","AT"
"idb.116068.8","US"
"idb.11630.35","UY"
"idb.11642.30","FR"
"idb.11667.37","FR"
"idb.116769.e","FR"
"idb.11696.39","IT"
"idb.11698.37","FR"
"idb.11702.35","DK"
"idb.11744.37","ES"
"idb.11749.3a","DE"
"idb.11762.33","ES"
"idb.11772.32","DE"
"idb.117796.f","FR"
"idb.11780.3f","IT"
"idb.117883.4","ES"
"idb.11794.3a","ES"
"idb.11804.3c","HU"
"idb.118179.7","ES"
"idb.11824.3e","FR"
"idb.11835.3e","GB"
"idb.11843.3f","FR"
"idb.11869.37","BA"
"idb.11887.37","TZ"
"idb.118974.2","FR"
"idb.11899.38","BR"
"idb.119021.a","ES"
"idb.11914.3c","GB"
"idb.11918.30","GB"
"idb.119217.d","GB"
"idb.119375.8","ES"
"idb.11942.3f","PS"
"idb.11943.3e","MA"
"idb.11951.3d","ZA"
"idb.11956.3a","ZA"
"idb.119672.a","FI"
"idb.119713.c","GR"
"idb.119809.8","ES"
"idb.11984.35","GB"
"idb.120073.7","GB"
"idb.12026.37","GB"
"idb.12039.39","IT"
"idb.12056.30","RO"
"idb.12062.37","GR"
"idb.12082.39","GB"
"idb.120895.7","DE"
"idb.12104.36","SZ"
"idb.12112.31","NO"
"idb.121334.6","FR"
"idb.12136.37","IL"
"idb.1214.6","US"
"idb.12148.3e","CL"
"idb.12155.32","GR"
"idb.122219.b","AT"
"idb.12245.30","FR"
"idb.122528.e","GB"
"idb.12284.3d","GR"
"idb.12295.3d","NL"
"idb.123047.3","GB"
"idb.12306.36","AL"
"idb.123124.7","DE"
"idb.12319.38","DZ"
"idb.12320.32","PT"
"idb.12332.31","FI"
"idb.12337.34","DE"
"idb.12341.35","PT"
"idb.12352.37","FR"
"idb.12354.31","MY"
"idb.1236.6","GB"
"idb.12361.37","GB"
"idb.12362.34","GB"
"idb.12363.35","DE"
"idb.12364.32","TG"
"idb.12366.30","FR"
"idb.12370.37","PT"
"idb.12380.38","NL"
"idb.12391.38","DE"
"idb.12402.35","GB"
"idb.124143.1","GR"
"idb.12477.37","GB"
"idb.12513.34","FR"
"idb.12525.31","PE"
"idb.12527.33","CN"
"idb.125505.6","FR"
"idb.125731.3","DE"
"idb.12574.35","TN"
"idb.12597.38","IT"
"idb.125974.c","IT"
"idb.12611.35","FR"
"idb.12641.30","GB"
"idb.12650.30","SE"
"idb.127050.1","GB"
"idb.127098.5","SK"
"idb.12711.34","IT"
"idb.12799.34","BR"
"idb.1281.a","GB"
"idb.12810.3a","FR"
"idb.12826.3f","GB"
"idb.12832.3a","FR"
"idb.12846.39","NL"
"idb.12847.38","PL"
"idb.12892.30","GB"
"idb.12896.34","GB"
"idb.12916.3d","JM"
"idb.129553.9","HU"
"idb.12981.33","CN"
"idb.12984.36","ZM"
"idb.13001.33","ZW"
"idb.13063.37","GB"
"idb.13097.3c","GB"
"idb.131063.6","US"
"idb.13124.35","TN"
"idb.13201.31","FR"
"idb.132669.9","FR"
"idb.13273.34","DK"
"idb.13291.38","CN"
"idb.13327.34","DE"
"idb.133275.1","US"
"idb.133302.0","NO"
"idb.133342.4","US"
"idb.13339.3b","PL"
"idb.13349.3c","FR"
"idb.133792.d","MA"
"idb.133800.9","PS"
"idb.13388.31","DE"
"idb.133885.4","NO"
"idb.13399.31","SE"
"idb.13402.34","CN"
"idb.13414.33","DE"
"idb.13428.3c","DE"
"idb.1343.5","US"
"idb.134563.6","US"
"idb.13464.34","FR"
"idb.13481.3f","GB"
"idb.134907.8","US"
"idb.134936.a","US"
"idb.134996.0","FR"
"idb.135060.1","NL"
"idb.13508.3f","DK"
"idb.135115.2","JO"
"idb.13515.33","GB"
"idb.135387.b","FR"
"idb.135519.a","US"
"idb.13554.36","GB"
"idb.13570.30","FR"
"idb.13574.34","SE"
"idb.135748.c","RO"
"idb.135963.b","US"
"idb.13606.32","CA"
"idb.13622.34","ES"
"idb.136304.3","JP"
"idb.13648.38","DE"
"idb.136519.9","ES"
"idb.13652.33","DE"
"idb.136593.b","JP"
"idb.136594.c","JP"
"idb.13687.3b","FR"
"idb.13689.35","GB"
"idb.13739.3f","ES"
"idb.1374.1","FI"
"idb.13745.34","IT"
"idb.13750.30","FR"
"idb.13751.31","FR"
"idb.13753.33","ES"
"idb.13756.36","GB"
"idb.137628.9","US"
"idb.13765.36","GB"
"idb.13772.30","PT"
"idb.13782.3f","SE"
"idb.13788.35","ES"
"idb.13790.3c","AT"
"idb.13791.3d",""
"idb.13792.3e","SE"
"idb.13796.3a","FI"
"idb.13797.3b","FI"
"idb.13799.35","NL"
"idb.13812.39","BE"
"idb.13822.3a","ES"
"idb.13825.3d","ES"
"idb.13829.31","DE"
"idb.138497.0","CA"
"idb.138499.e","BE"
"idb.13856.39","PL"
"idb.13946.39","DE"
"idb.13950.3e","FR"
"idb.139507.9","FR"
"idb.139510.f","FR"
"idb.139534.9","GB"
"idb.139596.1","CA"
"idb.13985.36","NO"
"idb.13986.35","IL"
"idb.13992.30","IL"
"idb.14003.36","US"
"idb.14004.31","RO"
"idb.14009.3c","JP"
"idb.14011.35","TR"
"idb.14013.37","IS"
"idb.1403.6","US"
"idb.14039.3f","DE"
"idb.14049.38","RS"
"idb.14076.34","GB"
"idb.14094.38","FI"
"idb.14095.39","DE"
"idb.14105.31","GM"
"idb.14127.31","PT"
"idb.14135.32","PT"
"idb.141591.9","AT"
"idb.14170.33","DK"
"idb.141980.5","GR"
"idb.14232.36","TR"
"idb.142395.8","US"
"idb.142627.4","IT"
"idb.14263.32","RU"
"idb.142910.f","NL"
"idb.14296.38","NO"
"idb.14329.3d","LT"
"idb.14332.37","GB"
"idb.14335.30","GB"
"idb.14352.31","TR"
"idb.143640.4","CA"
"idb.143642.6","US"
"idb.144023.0","IN"
"idb.14416.36","SN"
"idb.14440.35","JO"
"idb.14442.37","TR"
"idb.144532.5","US"
"idb.14454.30","GB"
"idb.14467.30","GB"
"idb.144756.5","ES"
"idb.144757.4","ES"
"idb.14476.30","RU"
"idb.14498.30","FR"
"idb.1453.3","GB"
"idb.145437.0","US"
"idb.14587.3f","IT"
"idb.14601.32","GB"
"idb.14617.35","US"
"idb.1463.0","CA"
"idb.14647.30","PT"
"idb.146611.5","CA"
"idb.14709.3b","CA"
"idb.147093.8","GR"
"idb.14724.34","ES"
"idb.147455.6","US"
"idb.14750.37","HU"
"idb.14751.36","CY"
"idb.14758.3f","TN"
"idb.14771.34","GR"
"idb.14830.3e","GB"
"idb.148313.c","US"
"idb.148374.d","NZ"
"idb.14841.38","DE"
"idb.14848.31","CA"
"idb.14868.33","GB"
"idb.14878.32","IT"
"idb.14899.3d","ES"
"idb.14906.3a","GR"
"idb.14925.3b","FR"
"idb.14929.37","NL"
"idb.14981.35","GB"
"idb.149940.1","FR"
"idb.15011.34","IS"
"idb.15028.3e","IE"
"idb.15034.33","GB"
"idb.1504.0","GB"
"idb.15040.30","FR"
"idb.15043.33","ES"
"idb.150516.6","GR"
"idb.15060.32","EE"
"idb.15078.3b","DE"
"idb.150792.8","CA"
"idb.15098.35","FI"
"idb.15140.31","FR"
"idb.151569.f","ES"
"idb.151609.a","SE"
"idb.15165.36","AT"
"idb.152326.1","US"
"idb.15237.32","DE"
"idb.152594.e","LU"
"idb.15276.37","US"
"idb.152938.4","BA"
"idb.152963.a","US"
"idb.15312.34","ES"
"idb.15320.35","NL"
"idb.15328.3d","EE"
"idb.15339.3d","GB"
"idb.153460.5","DE"
"idb.15363.32","FR"
"idb.15399.37","FR"
"idb.15401.31","FR"
"idb.154185.c","DK"
"idb.15419.38","GB"
"idb.1543.3","CA"
"idb.15447.33","RU"
"idb.15449.3d","ES"
"idb.15450.35","CA"
"idb.15474.33","DE"
"idb.15485.3d","FI"
"idb.15496.3f","IT"
"idb.15497.3e","ES"
"idb.154978.6","DE"
"idb.15511.31","DE"
"idb.155203.0","US"
"idb.155345.3","BE"
"idb.155349.f","IT"
"idb.15538.3a","GB"
"idb.15540.35","FR"
"idb.155954.9","US"
"idb.155956.b","CA"
"idb.15596.3e","SE"
"idb.15606.34","DE"
"idb.156122.3","GB"
"idb.15628.38","GB"
"idb.15649.3f","DE"
"idb.156520.5","FR"
"idb.15653.34","ML"
"idb.15667.33","IT"
"idb.15683.39","AT"
"idb.15711.33","IT"
"idb.15736.36","FR"
"idb.15751.37","GB"
"idb.15756.30","GB"
"idb.15758.3e","DE"
"idb.15762.37","BE"
"idb.15774.30","IT"
"idb.15775.31","CH"
"idb.15781.3a","FR"
"idb.157869.4","IT"
"idb.15788.33","AT"
"idb.157927.f","ES"
"idb.158000.c","IT"
"idb.158077.c","RU"
"idb.15810.3d","CY"
"idb.15819.34","FR"
"idb.15822.3c","GB"
"idb.15823.3d","GR"
"idb.158264.c","UA"
"idb.158645.b","FR"
"idb.15866.3c","CZ"
"idb.15874.3f","GB"
"idb.15876.3d","TR"
"idb.158765.8","RU"
"idb.15878.33","FR"
"idb.158782.1","RU"
"idb.158820.6","IT"
"idb.15895.30","SE"
"idb.15897.32","PL"
"idb.15935.3b","FI"
"idb.159523.9","US"
"idb.159587.7","FR"
"idb.15961.3a","SE"
"idb.159791.2","DE"
"idb.160049.a","DE"
"idb.16008.3f","LU"
"idb.160116.1","RU"
"idb.16019.3f","GB"
"idb.16036.32","GB"
"idb.160438.8","UA"
"idb.16058.3a","CH"
"idb.16068.39","FR"
"idb.16073.33","DE"
"idb.16082.3d","CH"
"idb.16117.30",""
"idb.161219.c","GR"
"idb.16149.3b","DE"
"idb.16189.37","ES"
"idb.162107.3","CN"
"idb.16299.35","GR"
"idb.163004.0","HU"
"idb.16306.32","FR"
"idb.16326.30","PT"
"idb.16330.37","IT"
"idb.1634.0",""
"idb.163507.6","DE"
"idb.163577.1","JP"
"idb.163613.0","MA"
"idb.16388.34","ES"
"idb.16416.34","US"
"idb.164189.3","CN"
"idb.16425.34","RS"
"idb.164274.2","TR"
"idb.164295.d","US"
"idb.16463.36","ZA"
"idb.16477.33","TR"
"idb.16487.3c","TR"
"idb.16488.33","NZ"
"idb.1649.a","SE"
"idb.16496.3c","NL"
"idb.164971.c","US"
"idb.16499.33","BE"
"idb.165068.c","DK"
"idb.16527.37","ES"
"idb.16549.3f","BE"
"idb.16557.30","FR"
"idb.16563.37","IT"
"idb.1658.a","US"
"idb.16610.30","FR"
"idb.16611.31","PL"
"idb.16612.32","BG"
"idb.166341.7","US"
"idb.166461.2","SK"
"idb.166534.3","SI"
"idb.16662.35","PS"
"idb.16693.3b","US"
"idb.16694.3c","US"
"idb.16713.32","SI"
"idb.16719.38","FR"
"idb.167306.5","AT"
"idb.16734.37","IT"
"idb.167436.1","US"
"idb.16750.35","US"
"idb.16753.36","US"
"idb.16754.31","LV"
"idb.16767.31","SK"
"idb.167700.7","IT"
"idb.16771.36","RS"
"idb.167715.3","ES"
"idb.16780.38","FR"
"idb.168010.e","US"
"idb.168092.4","FR"
"idb.16813.3d","GB"
"idb.16821.3c","CN"
"idb.16842.39","DE"
"idb.168645.8","US"
"idb.168692.2","GB"
"idb.16872.3a","NL"
"idb.168882.d","FR"
"idb.16890.36","HK"
"idb.169077.e","US"
"idb.169256.f","CH"
"idb.169284.0","IT"
"idb.16930.3d","ES"
"idb.169337.9","DE"
"idb.169338.6","AT"
"idb.169415.e","DE"
"idb.16960.38","DE"
"idb.16962.3a","FR"
"idb.169675.a","CH"
"idb.16969.31","FR"
"idb.16977.3e","IS"
"idb.16982.34","SE"
"idb.16985.33","UA"
"idb.16989.3f","IT"
"idb.16990.37","GB"
"idb.169900.7","AT"
"idb.16991.36","AT"
"idb.16992.35","DE"
"idb.169932.6","AT"
"idb.170202.6","US"
"idb.170205.1","US"
"idb.170244.4","US"
"idb.17033.36","CZ"
"idb.170367.4","RU"
"idb.17041.33","BG"
"idb.170430.1","US"
"idb.170460.4","AT"
"idb.17062.32","IT"
"idb.17063.33","CA"
"idb.170693.a","US"
"idb.17083.3d","IT"
"idb.17088.36","US"
"idb.17089.37","CA"
"idb.17091.3e","CA"
"idb.17095.3a","ES"
"idb.17100.37","GB"
"idb.171232.4","FR"
"idb.17127.32","HU"
"idb.171321.7","IT"
"idb.17133.37","FR"
"idb.171500.2","RU"
"idb.171531.0","RU"
"idb.171588.2","KZ"
"idb.17165.34","PL"
"idb.171736.5","DE"
"idb.171855.f","RU"
"idb.171913.c","DE"
"idb.17196.38","FR"
"idb.172054.5","GE"
"idb.172177.5","RU"
"idb.17236.31","GB"
"idb.17242.32","TR"
"idb.17268.3a","DE"
"idb.17272.31","DE"
"idb.17277.34","ES"
"idb.172834.b","ES"
"idb.17303.36",""
"idb.17329.3e","LV"
"idb.17330.36","LV"
"idb.173360.0","IE"
"idb.17372.30","FR"
"idb.17374.36","IT"
"idb.173746.0","GB"
"idb.17380.3d","ES"
"idb.17423.33","ES"
"idb.174567.6","JP"
"idb.174638.f","PT"
"idb.174798.4","US"
"idb.17481.3b","PT"
"idb.174814.f","SE"
"idb.17513.31","ES"
"idb.17516.34","GB"
"idb.175455.7","US"
"idb.17548.3f","PT"
"idb.17567.32","IT"
"idb.17568.3d","DE"
"idb.17595.3f","GB"
"idb.17631.32","GB"
"idb.17635.36","US"
"idb.176392.8","SD"
"idb.176535.3","US"
"idb.17656.33","LU"
"idb.17673.34","FR"
"idb.176731.5","US"
"idb.176769.8","PL"
"idb.17678.3f","BY"
"idb.17682.3a","IT"
"idb.17689.31","FR"
"idb.17703.32","FR"
"idb.177174.3","JP"
"idb.177284.f","EE"
"idb.17758.3c","RU"
"idb.177590.d","CH"
"idb.177729.d","PL"
"idb.17788.31","IL"
"idb.17794.3c","SI"
"idb.178260.a","PL"
"idb.17830.3d","RS"
"idb.178643.f","AT"
"idb.17866.3e","US"
"idb.17867.3f","US"
"idb.179092.4","CA"
"idb.17918.36","BE"
"idb.18038.32","IT"
"idb.18048.35","IN"
"idb.180805.4","AT"
"idb.180869.e","AT"
"idb.18098.38","IL"
"idb.18101.39","RU"
"idb.181108.1","DE"
"idb.18112.3b","LB"
"idb.18147.3b","IT"
"idb.181574.e","RU"
"idb.181790.6","AT"
"idb.18192.33","UA"
"idb.182245.8","GB"
"idb.18228.31","ES"
"idb.182414.a","SE"
"idb.182470.8","IT"
"idb.182618.4","UZ"
"idb.182651.9","RU"
"idb.182798.d","RU"
"idb.182808.b","KZ"
"idb.182810.2","KG"
"idb.182981.b","US"
"idb.183006.c","US"
"idb.183158.6","CA"
"idb.183329.2","US"
"idb.183446.c","RU"
"idb.183534.8","NP"
"idb.183593.5","FR"
"idb.183667.d","SK"
"idb.18376.3b","TR"
"idb.18377.3a","IE"
"idb.183804.6","CA"
"idb.183911.3","CN"
"idb.18392.31","BG"
"idb.184212.c","GR"
"idb.184592.3","GB"
"idb.184757.8","IT"
"idb.18476.3c","LV"
"idb.184764.8","US"
"idb.184769.5","US"
"idb.185006.a","US"
"idb.185107.a","US"
"idb.185648.6","US"
"idb.185669.5","US"
"idb.185855.4","FR"
"idb.186020.d","SK"
"idb.186067.e","GB"
"idb.186489.a","IT"
"idb.186587.5","US"
"idb.18665.3c","GR"
"idb.186957.4","TW"
"idb.187073.a","US"
"idb.187082.4","US"
"idb.187239.6","ES"
"idb.187323.c","EG"
"idb.187448.6","BG"
"idb.18785.33",""
"idb.18803.32","ES"
"idb.18840.35","FR"
"idb.18883.3a","NO"
"idb.18886.3f","GB"
"idb.18887.3e","IT"
"idb.18888.31","GB"
"idb.18916.37","LU"
"idb.18919.38","RU"
"idb.189303.0","ES"
"idb.189391.b","DE"
"idb.189504.1","US"
"idb.189509.c","US"
"idb.18952.37","DE"
"idb.189530.6","GB"
"idb.189712.4","GB"
"idb.189747.4","US"
"idb.189889.9","DE"
"idb.189967.8","US"
"idb.18999.30","UA"
"idb.19006.3e","US"
"idb.19008.30","DE"
"idb.190088.8","DK"
"idb.19026.3c","NO"
"idb.19033.38","CH"
"idb.19061.3f","ES"
"idb.190697.0","US"
"idb.190737.b","CN"
"idb.19169.36","NO"
"idb.19188.39","TW"
"idb.19190.30","LT"
"idb.191944.0","FR"
"idb.191987.f","GR"
"idb.19205.3f","IT"
"idb.19208.32","CL"
"idb.19214.3f","GB"
"idb.192267.9","ET"
"idb.192268.6","ET"
"idb.19241.3f","BG"
"idb.192673.8","US"
"idb.192687.3","CA"
"idb.193261.e","CH"
"idb.193638.6","IT"
"idb.193822.3","RO"
"idb.193898.2","ES"
"idb.19390.32","IT"
"idb.19397.35","FI"
"idb.194084.0","GB"
"idb.19426.38","PT"
"idb.19432.3d","EE"
"idb.194406.e","EG"
"idb.194632.b","US"
"idb.194645.b","CN"
"idb.19475.3e","HR"
"idb.19477.3c","NO"
"idb.195015.9","DE"
"idb.195094.0","CA"
"idb.19519.35","ES"
"idb.19528.37","GB"
"idb.195315.a","ES"
"idb.1957.a","DE"
"idb.19603.3d",""
"idb.196349.0","DK"
"idb.19672.3b","EE"
"idb.19680.36","TR"
"idb.19723.3e","RO"
"idb.19727.3a","IE"
"idb.197345.d","AT"
"idb.19739.35","CH"
"idb.19760.39","IT"
"idb.197602.b","SE"
"idb.197632.8","BE"
"idb.197633.9","DK"
"idb.197679.7","GR"
"idb.198183.a","DK"
"idb.19822.30","GB"
"idb.19843.37","GR"
"idb.19873.34","GB"
"idb.19908.39","US"
"idb.199259.f","CL"
"idb.199293.9","BE"
"idb.19930.32","PL"
"idb.19962.35","SE"
"idb.199731.4","NL"
"idb.200047.1","DK"
"idb.200163.6","TR"
"idb.20055.32","SE"
"idb.201075.1","US"
"idb.201076.2","US"
"idb.201894.6","US"
"idb.20191.3b","IT"
"idb.20192.38","IT"
"idb.202033.0","CA"
"idb.20222.30","AR"
"idb.202261.5","LT"
"idb.20243.37","FI"
"idb.202547.6","PT"
"idb.20258.3d","SE"
"idb.20260.36","FI"
"idb.20264.32","ES"
"idb.202665.5","US"
"idb.202915.d","GR"
"idb.20294.3d","LT"
"idb.203000.1","PT"
"idb.203297.d","IT"
"idb.203581.d","RU"
"idb.20364.33","GB"
"idb.20384.3d","PT"
"idb.20409.3f","GB"
"idb.20419.3e","GB"
"idb.20431.34","US"
"idb.20440.32","KH"
"idb.204536.6","CA"
"idb.204844.e","BG"
"idb.20501.36","BG"
"idb.20505.32","US"
"idb.205112.5","BE"
"idb.20513.35","CN"
"idb.20515.33","JP"
"idb.20522.37","ES"
"idb.20534.30","PT"
"idb.20542.31","NL"
"idb.20567.36","RU"
"idb.205964.c","CZ"
"idb.205975.c","US"
"idb.20627.31","US"
"idb.206272.3","HR"
"idb.20653.32","LT"
"idb.20656.37","ES"
"idb.206690.b","HU"
"idb.20670.33","IT"
"idb.20678.3b","IT"
"idb.20709.3c","FI"
"idb.20715.31","MA"
"idb.20736.30","BR"
"idb.207380.e","VE"
"idb.20757.37","IT"
"idb.20765.36","IT"
"idb.20803.39","ES"
"idb.208078.5","US"
"idb.208226.c","US"
"idb.20823.3b","GB"
"idb.208276.9","CL"
"idb.208387.6","SE"
"idb.208516.8","US"
"idb.20861.3d","US"
"idb.20898.3b","NO"
"idb.209013.9","HR"
"idb.20911.3b","IT"
"idb.20931.39","GB"
"idb.209665.e","US"
"idb.209745.d","DE"
"idb.209968.c","GB"
"idb.21000.33","DE"
"idb.21003.30","IT"
"idb.21006.35","NZ"
"idb.21027.36","GB"
"idb.21040.37","BY"
"idb.21051.37","DE"
"idb.21072.36","AM"
"idb.21100.32","CA"
"idb.211011.2","DE"
"idb.211044.2","LB"
"idb.21106.34","US"
"idb.21107.35","US"
"idb.211082.8","IT"
"idb.21113.30","HU"
"idb.211367.0","US"
"idb.21166.32","IL"
"idb.21200.31","TR"
"idb.21206.37","ES"
"idb.212302.0","DZ"
"idb.212340.6","US"
"idb.212995.4","IT"
"idb.2134.4","GB"
"idb.213492.f","HR"
"idb.21354.31","BY"
"idb.213690.f","CA"
"idb.213876.9","US"
"idb.213902.b","US"
"idb.213910.8","US"
"idb.213917.f","US"
"idb.21395.3c","FR"
"idb.21396.3f","DE"
"idb.213962.d",""
"idb.214007.0","US"
"idb.214151.2","DE"
"idb.214409.a","US"
"idb.214431.1","US"
"idb.214458.e","US"
"idb.214572.7","US"
"idb.21507.31","ES"
"idb.2152.4",""
"idb.215352.2","US"
"idb.21564.34","CZ"
"idb.215654.1","US"
"idb.21600.35","BG"
"idb.21604.31","AT"
"idb.21608.3d","FR"
"idb.21613.37","CA"
"idb.21619.3d","FR"
"idb.21626.31","RU"
"idb.216499.1","IN"
"idb.21678.3a","CZ"
"idb.216983.7","CA"
"idb.217156.6","US"
"idb.217192.e","US"
"idb.217197.b","US"
"idb.217200.6","US"
"idb.217211.6","CA"
"idb.21729.3f","US"
"idb.217303.4","US"
"idb.217309.e","US"
"idb.21798.35","ES"
"idb.218069.4","BF"
"idb.218187.5","US"
"idb.218364.a",""
"idb.21839.31","RO"
"idb.21864.39","GB"
"idb.21869.34","FR"
"idb.21882.31","GB"
"idb.21911.3a","IT"
"idb.21925.3d","US"
"idb.21940.3e","US"
"idb.21984.36","BE"
"idb.22023.31","GB"
"idb.22040.34","FR"
"idb.220451.0","NL"
"idb.22052.37","GB"
"idb.220562.1","US"
"idb.22058.3d","FR"
"idb.22065.33","GB"
"idb.22069.3f","CN"
"idb.22072.35","CA"
"idb.22098.31","IL"
"idb.22147.32","FR"
"idb.22319.3b","GB"
"idb.223827.e","US"
"idb.224137.1","GB"
"idb.224260.0","US"
"idb.22448.38","US"
"idb.22459.38","GR"
"idb.225067.4","GB"
"idb.22526.31",""
"idb.225262.3","US"
"idb.225279.9","US"
"idb.225360.0","GB"
"idb.22539.3f","SI"
"idb.22555.35","PL"
"idb.22589.34","BE"
"idb.22609.3f","NL"
"idb.22631.34","GB"
"idb.22642.30","FI"
"idb.226592.8","CA"
"idb.226892.5","GR"
"idb.22736.32","NO"
"idb.227688.1","SE"
"idb.22793.3d","BE"
"idb.22801.39","IT"
"idb.228547.e","SI"
"idb.22859.34","DE"
"idb.22898.39","GB"
"idb.22903.3a","LB"
"idb.22919.31","PT"
"idb.229273.f","BE"
"idb.22935.3f","CN"
"idb.22937.3d","AT"
"idb.22939.33","HR"
"idb.2294.d","US"
"idb.23048.3d","NO"
"idb.231844.8","CA"
"idb.23218.3a","NL"
"idb.23231.31","GB"
"idb.232474.4","CA"
"idb.232634.2","UA"
"idb.233134.4","US"
"idb.23378.3d","GB"
"idb.23391.3a","NL"
"idb.23471.33","UZ"
"idb.23520.36","ES"
"idb.23558.39","FR"
"idb.235624.4","FR"
"idb.235769.c","FR"
"idb.23618.3e","CA"
"idb.23636.32","GB"
"idb.236614.4","CA"
"idb.236631.3","US"
"idb.236813.d","US"
"idb.236815.b","US"
"idb.236846.d",""
"idb.23695.3b","GB"
"idb.23709.3f","GB"
"idb.237222.4","US"
"idb.23725.31","GB"
"idb.23731.34","DE"
"idb.237416.5","US"
"idb.237422.2",""
"idb.237539.9","NZ"
"idb.237732.0","US"
"idb.238198.9",""
"idb.238252.c","US"
"idb.238329.1","US"
"idb.238398.b",""
"idb.238406.b","GB"
"idb.238434.a","US"
"idb.238456.e","US"
"idb.238477.d","US"
"idb.238491.5","US"
"idb.23856.3a","CA"
"idb.238616.8","US"
"idb.238667.e","US"
"idb.238692.4","US"
"idb.238728.4","US"
"idb.238801.0","US"
"idb.239064.a","US"
"idb.239102.b","US"
"idb.239119.1","US"
"idb.239134.e","US"
"idb.239157.b","US"
"idb.239186.7","US"
"idb.239276.b","US"
"idb.239281.3","US"
"idb.239305.e","US"
"idb.239357.9","US"
"idb.239359.7","US"
"idb.239362.f","US"
"idb.239395.7","US"
"idb.239424.a","US"
"idb.239475.e","US"
"idb.239494.1","US"
"idb.239546.f","US"
"idb.239552.a","US"
"idb.239553.b","US"
"idb.239558.0","US"
"idb.239559.1","US"
"idb.239560.b","US"
"idb.239573.9","US"
"idb.239578.2","US"
"idb.239585.0","US"
"idb.239638.5","US"
"idb.239746.d","AU"
"idb.239791.7","US"
"idb.239826.4","GB"
"idb.239835.6","US"
"idb.239838.b","US"
"idb.239864.2","US"
"idb.239915.5","US"
"idb.240023.7","US"
"idb.240062.2","KR"
"idb.240093.c","US"
"idb.240145.6","US"
"idb.240160.1","US"
"idb.240206.2","US"
"idb.240223.5","US"
"idb.240243.3","US"
"idb.240267.5","US"
"idb.240283.f","US"
"idb.24029.3d","GB"
"idb.240324.3","US"
"idb.240341.0","US"
"idb.240367.4","GB"
"idb.240372.0","US"
"idb.240382.f","US"
"idb.240404.6","GB"
"idb.240416.5","US"
"idb.24046.34","CA"
"idb.240473.6","US"
"idb.240531.1","US"
"idb.240588.3","US"
"idb.240606.6","US"
"idb.240614.5","US"
"idb.240684.c","US"
"idb.240719.9",""
"idb.240723.0","US"
"idb.240736.4","US"
"idb.240741.4","US"
"idb.240841.b","US"
"idb.240845.f","US"
"idb.240866.e","US"
"idb.240871.8","US"
"idb.240873.a","US"
"idb.240952.8","US"
"idb.241014.2","US"
"idb.241054.6","US"
"idb.241103.5","GB"
"idb.241104.2","US"
"idb.241114.3","CA"
"idb.241116.1","US"
"idb.241119.e",""
"idb.241121.5","US"
"idb.241128.c","US"
"idb.241167.7","US"
"idb.241223.4","US"
"idb.241330.7","GB"
"idb.241382.e",""
"idb.241525.5","US"
"idb.241568.c","US"
"idb.241888.f","US"
"idb.24194.3a","AT"
"idb.241963.b","US"
"idb.24219.3c","AT"
"idb.242287.9","US"
"idb.242678.d","US"
"idb.242769.c","US"
"idb.242833.c","DE"
"idb.24298.35","GB"
"idb.243035.3","US"
"idb.243060.3",""
"idb.243289.6","US"
"idb.24349.38","IE"
"idb.24361.32","AT"
"idb.243741.7","US"
"idb.24377.35","SK"
"idb.243789.3","US"
"idb.24381.3c","SE"
"idb.243983.7","US"
"idb.244026.6","US"
"idb.244124.5","US"
"idb.244157.1","IN"
"idb.24433.32","CA"
"idb.24434.35","US"
"idb.244394.c","US"
"idb.244424.0","US"
"idb.244698.5","CA"
"idb.24488.32","GB"
"idb.245075.1","US"
"idb.245112.1","US"
"idb.24515.37","HK"
"idb.24516.34","CN"
"idb.245196.d","US"
"idb.24526.37","RU"
"idb.24527.36","RU"
"idb.24539.39","CN"
"idb.245835.d","US"
"idb.245849.6","US"
"idb.246210.3","US"
"idb.246886.6","US"
"idb.246916.e","US"
"idb.247135.6",""
"idb.24753.37","CR"
"idb.247550.1","US"
"idb.247980.0","US"
"idb.24805.3b","US"
"idb.248193.5","US"
"idb.248232.d","US"
"idb.24827.3b","US"
"idb.2483.d",""
"idb.24839.34","SE"
"idb.248465.9","US"
"idb.248501.a","DE"
"idb.248592.0","US"
"idb.248609.1","US"
"idb.248698.9","US"
"idb.248717.f","US"
"idb.248762.d","CA"
"idb.248807.1",""
"idb.248808.e","BM"
"idb.248842.0","GB"
"idb.248883.d","CA"
"idb.248907.0","US"
"idb.249190.7","GB"
"idb.249225.a","US"
"idb.249274.e",""
"idb.249296.2","FR"
"idb.249304.8","CA"
"idb.249317.a","US"
"idb.249318.5","US"
"idb.249335.a","US"
"idb.249430.8","US"
"idb.249445.a","US"
"idb.249447.8","US"
"idb.249482.1","US"
"idb.249503.9",""
"idb.24954.3e","GB"
"idb.24956.3c","TR"
"idb.24967.3e","GB"
"idb.249731.a","DE"
"idb.249878.8","US"
"idb.249880.f","US"
"idb.249891.f","JP"
"idb.24999.3f","DE"
"idb.250008.f","US"
"idb.250060.1","US"
"idb.250078.8","US"
"idb.250107.1","US"
"idb.250221.6","US"
"idb.250230.6","US"
"idb.250263.0","US"
"idb.250277.5","IN"
"idb.250279.b","US"
"idb.250415.7","US"
"idb.250450.6",""
"idb.250451.7","NO"
"idb.250482.9","GB"
"idb.250491.b","US"
"idb.250514.7","US"
"idb.250539.8","PH"
"idb.250540.6","US"
"idb.25055.37","CA"
"idb.250671.7","US"
"idb.250674.2","CA"
"idb.250699.1","US"
"idb.25073.33","CA"
"idb.250741.5","US"
"idb.250747.3","US"
"idb.25077.37","CF"
"idb.250775.2","US"
"idb.250820.d","US"
"idb.250860.9","IN"
"idb.250889.e","US"
"idb.250903.d","US"
"idb.250914.b",""
"idb.250942.8","US"
"idb.250945.f","US"
"idb.250984.2",""
"idb.251017.0","US"
"idb.251030.5","US"
"idb.251043.1","US"
"idb.251075.4","US"
"idb.251079.8","US"
"idb.251081.f",""
"idb.25111.36","AT"
"idb.251313.7","US"
"idb.25133.36","IT"
"idb.2515.3","US"
"idb.25152.31","CA"
"idb.25154.37","GR"
"idb.25156.35","GB"
"idb.251612.3","US"
"idb.251700.1","MA"
"idb.251705.4","US"
"idb.251779.f","US"
"idb.251789.0","US"
"idb.251844.e","US"
"idb.251973.b","US"
"idb.251976.e","US"
"idb.251984.3","US"
"idb.251989.e","US"
"idb.251990.6","US"
"idb.251993.5","US"
"idb.252000.5","US"
"idb.252003.6","US"
"idb.252018.c","US"
"idb.252019.d","CA"
"idb.252039.f","US"
"idb.252042.3","US"
"idb.252048.9","US"
"idb.252049.8","US"
"idb.252119.c","EG"
"idb.252152.3","US"
"idb.252169.b","US"
"idb.252194.9","US"
"idb.252222.7","US"
"idb.252227.2","US"
"idb.252262.3","IN"
"idb.252289.6","US"
"idb.252292.c","US"
"idb.252323.7","US"
"idb.252353.0","US"
"idb.252363.3","US"
"idb.252381.f","US"
"idb.252383.d","US"
"idb.252390.f","US"
"idb.252443.6","US"
"idb.252447.2","US"
"idb.252455.1","MY"
"idb.252487.e","EG"
"idb.252523.1","US"
"idb.252535.6","US"
"idb.252545.1","US"
"idb.252546.2","US"
"idb.252547.3","NZ"
"idb.252549.d","US"
"idb.252550.5","US"
"idb.252555.0","US"
"idb.252563.5","US"
"idb.252567.1","US"
"idb.252609.a","CO"
"idb.252626.7","US"
"idb.252657.1","US"
"idb.252735.4","US"
"idb.252749.f","US"
"idb.252754.3","US"
"idb.252838.6","US"
"idb.252846.f","US"
"idb.252853.b","US"
"idb.252858.0","US"
"idb.252865.e","US"
"idb.252873.9","US"
"idb.252874.e","GB"
"idb.252884.1",""
"idb.252888.d","US"
"idb.252890.4","US"
"idb.252934.b","US"
"idb.252942.a","US"
"idb.252943.b","US"
"idb.252944.c","US"
"idb.252950.9","US"
"idb.252968.2","US"
"idb.252972.9","US"
"idb.252994.1","US"
"idb.253005.1","US"
"idb.253006.2","US"
"idb.253009.d","US"
"idb.253081.d","US"
"idb.253109.c","US"
"idb.253129.e",""
"idb.253135.3","CA"
"idb.253147.6","US"
"idb.253165.6","US"
"idb.253205.3","US"
"idb.253225.1","US"
"idb.253228.c","US"
"idb.253245.7","US"
"idb.253246.4","US"
"idb.253248.a","US"
"idb.253259.a","US"
"idb.253264.4","US"
"idb.253269.9","CA"
"idb.253277.6","US"
"idb.253291.e","US"
"idb.253292.d","US"
"idb.253294.b","US"
"idb.253295.a","US"
"idb.253312.4","CA"
"idb.253328.d","CA"
"idb.253330.4","GB"
"idb.253355.7","US"
"idb.253363.2","US"
"idb.253378.8","US"
"idb.253379.9","US"
"idb.253404.4","TR"
"idb.253419.8","US"
"idb.253482.a","US"
"idb.253542.7","US"
"idb.253546.3","US"
"idb.253547.2","US"
"idb.253552.6","US"
"idb.253553.7","US"
"idb.253554.0","US"
"idb.253555.1","US"
"idb.253556.2","US"
"idb.253557.3","US"
"idb.253558.c","US"
"idb.253559.d","US"
"idb.253561.6","US"
"idb.253562.5","US"
"idb.253563.4","US"
"idb.253564.3","US"
"idb.253565.2","US"
"idb.253566.1","US"
"idb.253567.0","US"
"idb.253569.e","US"
"idb.253573.5","US"
"idb.253592.a","US"
"idb.253606.4","US"
"idb.253613.0","US"
"idb.253615.6","US"
"idb.253641.7","US"
"idb.253649.f","CA"
"idb.253664.0","US"
"idb.253677.2","GB"
"idb.253679.c","US"
"idb.253685.f","PR"
"idb.253692.9","US"
"idb.253703.0","US"
"idb.253718.a","US"
"idb.253721.0","US"
"idb.253751.7","ES"
"idb.253755.3","KR"
"idb.253756.0","KE"
"idb.253760.5","FR"
"idb.253836.9","US"
"idb.253856.f","US"
"idb.253893.6","US"
"idb.253897.2","IN"
"idb.253922.d","US"
"idb.253923.c","US"
"idb.253924.b","FR"
"idb.253990.4","US"
"idb.254024.5","US"
"idb.254041.6","US"
"idb.254055.3","US"
"idb.254107.5","US"
"idb.254130.1","US"
"idb.254175.0","KR"
"idb.254189.3","US"
"idb.254204.5","US"
"idb.254213.3","US"
"idb.254232.0","JP"
"idb.254250.4","US"
"idb.254251.5","US"
"idb.254270.6","US"
"idb.254271.7","US"
"idb.254272.4","US"
"idb.254274.2","US"
"idb.254275.3","US"
"idb.254277.1","US"
"idb.254278.e","US"
"idb.254280.9","US"
"idb.254286.f","US"
"idb.254293.b","US"
"idb.254298.0","US"
"idb.254313.2","US"
"idb.254321.3","US"
"idb.254333.0","US"
"idb.254361.7","US"
"idb.254424.1","US"
"idb.254444.7","US"
"idb.254462.3","US"
"idb.254463.2","JP"
"idb.254498.6","US"
"idb.254509.f","US"
"idb.254514.3","US"
"idb.254544.6","US"
"idb.254549.b","US"
"idb.254551.2","US"
"idb.254567.7","US"
"idb.254590.f","US"
"idb.254645.4","CA"
"idb.254656.6","US"
"idb.254672.0","US"
"idb.254690.c","US"
"idb.254738.f","CA"
"idb.254748.8","US"
"idb.254833.b","US"
"idb.254880.3","US"
"idb.254902.8","US"
"idb.254920.8","US"
"idb.254921.9","US"
"idb.254989.b","US"
"idb.255007.5","US"
"idb.255014.7","US"
"idb.255049.f","US"
"idb.255086.c","US"
"idb.255097.c","US"
"idb.255139.9","DM"
"idb.255143.4","PH"
"idb.255185.e","US"
"idb.255228.a","US"
"idb.255236.5","US"
"idb.255244.0","US"
"idb.255272.5","US"
"idb.255360.7","US"
"idb.255364.3","US"
"idb.255368.f","US"
"idb.255375.3","US"
"idb.255381.8","US"
"idb.255383.a","US"
"idb.255392.a","US"
"idb.255395.d","US"
"idb.255399.1","US"
"idb.255405.3","US"
"idb.255406.0","US"
"idb.255407.1","US"
"idb.255414.3","US"
"idb.255416.1","US"
"idb.255423.7","US"
"idb.255437.2","US"
"idb.255485.b","US"
"idb.255496.9","US"
"idb.255501.6","US"
"idb.255525.0","US"
"idb.255700.5","LK"
"idb.255702.7","IR"
"idb.255734.2","HR"
"idb.255794.8","US"
"idb.255802.8","US"
"idb.255852.d","US"
"idb.25588.32","PL"
"idb.255896.5","PK"
"idb.255908.3","US"
"idb.255927.e","CA"
"idb.255935.d","US"
"idb.255936.e","US"
"idb.255938.0","US"
"idb.255948.7","US"
"idb.255951.f","US"
"idb.255962.f","US"
"idb.255966.b","US"
"idb.255983.0","US"
"idb.255986.5","US"
"idb.256023.0","US"
"idb.256032.0","US"
"idb.256033.1","US"
"idb.256036.4","US"
"idb.256058.c","US"
"idb.256067.0","DE"
"idb.256069.e","US"
"idb.256075.3","US"
"idb.256096.e","US"
"idb.256103.3","US"
"idb.25611.31","US"
"idb.256130.3","US"
"idb.256175.2","US"
"idb.256198.1","US"
"idb.256245.2","PH"
"idb.25627.34","GB"
"idb.256281.a","US"
"idb.256284.f","US"
"idb.256302.0","US"
"idb.256304.6","US"
"idb.256322.2","US"
"idb.256410.4","US"
"idb.256425.2","US"
"idb.256514.1","US"
"idb.256545.5","US"
"idb.256549.9","US"
"idb.256592.f","US"
"idb.256667.6","US"
"idb.256696.8","CA"
"idb.256766.6","US"
"idb.256769.9","US"
"idb.256771.0","US"
"idb.256772.3","US"
"idb.256774.5","US"
"idb.256821.a","US"
"idb.256856.a","US"
"idb.256859.5","US"
"idb.256868.7","US"
"idb.25690.38","GB"
"idb.256922.8","CN"
"idb.256928.2","US"
"idb.257013.2","US"
"idb.257037.4","US"
"idb.257060.6","US"
"idb.257108.9","US"
"idb.257126.5","US"
"idb.257127.4","US"
"idb.257129.a","US"
"idb.257157.3","US"
"idb.257167.0","US"
"idb.257214.7","FI"
"idb.257296.d","US"
"idb.257310.2","US"
"idb.257312.0","US"
"idb.257409.d","US"
"idb.257410.5","US"
"idb.257411.4","US"
"idb.257413.6","US"
"idb.257415.0","US"
"idb.257427.1",""
"idb.257563.0",""
"idb.257681.f","US"
"idb.25781.39","GR"
"idb.25786.3e","IT"
"idb.257949.4","US"
"idb.257990.0","US"
"idb.257991.1","US"
"idb.257992.2","US"
"idb.257993.3","US"
"idb.258041.a","US"
"idb.258192.5","US"
"idb.258202.f","US"
"idb.258223.c","US"
"idb.258264.f","US"
"idb.258346.e","US"
"idb.258410.a","US"
"idb.258471.d","US"
"idb.258477.b",""
"idb.258509.3","US"
"idb.258518.3","US"
"idb.258525.d","US"
"idb.258527.f","US"
"idb.258533.a","US"
"idb.258550.f","US"
"idb.258598.b","CA"
"idb.258643.e","US"
"idb.258644.9","US"
"idb.258711.8","KR"
"idb.258769.7","US"
"idb.25879.31","US"
"idb.258799.8","JP"
"idb.258857.5","US"
"idb.258879.9","US"
"idb.258894.a","US"
"idb.258898.6","US"
"idb.258900.6","CA"
"idb.258921.5","US"
"idb.258945.7","US"
"idb.258970.1","CA"
"idb.258979.8","US"
"idb.258980.e","US"
"idb.258985.b","US"
"idb.258986.8","US"
"idb.259009.7","US"
"idb.259029.5","US"
"idb.259030.d","US"
"idb.259040.a","US"
"idb.259045.f","US"
"idb.259053.8","US"
"idb.259056.d","US"
"idb.259104.b","US"
"idb.259143.8","US"
"idb.259178.0","US"
"idb.259180.7","US"
"idb.259181.6","US"
"idb.259184.3","US"
"idb.259234.b","US"
"idb.259237.8","US"
"idb.259256.f","US"
"idb.259262.8","US"
"idb.259263.9","US"
"idb.259382.7","US"
"idb.259478.5","US"
"idb.259586.5","US"
"idb.259592.0","PH"
"idb.259614.d","US"
"idb.259649.5","US"
"idb.259659.4","US"
"idb.259670.f","US"
"idb.259676.9","US"
"idb.259700.9","US"
"idb.259805.3","US"
"idb.259828.c","US"
"idb.259870.1","US"
"idb.259906.1","US"
"idb.259907.0","US"
"idb.259939.d","US"
"idb.259956.4","US"
"idb.25996.31","IT"
"idb.259979.9","US"
"idb.260001.5","US"
"idb.260002.6","US"
"idb.260023.5","US"
"idb.260024.2","US"
"idb.260049.9","US"
"idb.260053.2","US"
"idb.260055.4","US"
"idb.260056.7","US"
"idb.260064.6","US"
"idb.260088.4","US"
"idb.260089.5","US"
"idb.26009.3d","US"
"idb.260096.b","US"
"idb.260118.c","US"
"idb.260120.7","US"
"idb.260122.5","US"
"idb.260126.1","US"
"idb.260128.f","US"
"idb.260130.6","US"
"idb.260183.e","US"
"idb.260185.8","US"
"idb.260198.4","US"
"idb.260201.7","US"
"idb.260234.1","US"
"idb.260235.0","US"
"idb.260238.d","US"
"idb.260288.6","CA"
"idb.260293.c","US"
"idb.260303.4","CA"
"idb.260334.0","US"
"idb.260369.8","US"
"idb.260550.4","NP"
"idb.260670.5","AR"
"idb.26069.3b","GB"
"idb.260758.e","AR"
"idb.260812.f","US"
"idb.260894.1","US"
"idb.260896.3","US"
"idb.260899.c","US"
"idb.26090.3d","US"
"idb.260911.d","US"
"idb.260912.e","US"
"idb.260914.8","US"
"idb.260917.b","US"
"idb.260955.d","US"
"idb.260957.f","US"
"idb.260989.c","CA"
"idb.261024.3","US"
"idb.261037.1","US"
"idb.261038.e","US"
"idb.261055.5","US"
"idb.261103.7","US"
"idb.261108.c","US"
"idb.261110.5","US"
"idb.261112.7","US"
"idb.261120.6","US"
"idb.261128.e","US"
"idb.261132.5","US"
"idb.261138.f","US"
"idb.261174.7","US"
"idb.261175.6","US"
"idb.261189.5","US"
"idb.261192.f","US"
"idb.261219.f","US"
"idb.261241.2","US"
"idb.261277.7","US"
"idb.261284.b","US"
"idb.261323.7","US"
"idb.261331.4","US"
"idb.261343.1","US"
"idb.261354.7","CA"
"idb.261359.a",""
"idb.261362.2","US"
"idb.261367.7","US"
"idb.261368.8","US"
"idb.26140.31","SI"
"idb.261419.9","US"
"idb.261432.0","US"
"idb.261485.c","US"
"idb.261504.4","US"
"idb.261572.5","US"
"idb.261584.c","US"
"idb.261593.a","US"
"idb.261815.9","US"
"idb.261833.d","US"
"idb.261870.a","US"
"idb.261915.8","US"
"idb.261928.6","US"
"idb.26193.3f","GE"
"idb.261930.f","US"
"idb.261952.b","US"
"idb.262007.1","US"
"idb.262009.f","US"
"idb.262041.3","PR"
"idb.262074.5","US"
"idb.262075.4","US"
"idb.262103.4","US"
"idb.262107.0","US"
"idb.262140.3","US"
"idb.262273.0","US"
"idb.262276.5","US"
"idb.262333.5","US"
"idb.262455.2","US"
"idb.262498.3","CA"
"idb.262516.4","US"
"idb.262539.9","US"
"idb.262541.6","US"
"idb.262550.6","US"
"idb.262557.1","US"
"idb.262571.5",""
"idb.262602.2","US"
"idb.262613.2","US"
"idb.262620.2","US"
"idb.262627.5","US"
"idb.262633.0","US"
"idb.262640.4","US"
"idb.262641.5","US"
"idb.262642.6","US"
"idb.262649.d","US"
"idb.262671.6","US"
"idb.262714.4","CA"
"idb.262743.6","US"
"idb.262804.a","CA"
"idb.262863.b","US"
"idb.262900.f","US"
"idb.262914.a","US"
"idb.262933.f","US"
"idb.262940.b","US"
"idb.262952.8","US"
"idb.262962.b","US"
"idb.262969.0","US"
"idb.262981.6","US"
"idb.262986.1","US"
"idb.262999.f","US"
"idb.263037.3","US"
"idb.263038.c","US"
"idb.263046.5","US"
"idb.26306.31","GB"
"idb.263081.e","US"
"idb.263091.f","US"
"idb.263145.7","IT"
"idb.263156.5","US"
"idb.263175.4","US"
"idb.263219.d","US"
"idb.263224.3","US"
"idb.263305.1","US"
"idb.263306.2","US"
"idb.26335.31","NL"
"idb.263379.a","US"
"idb.263467.2","US"
"idb.263520.0","US"
"idb.263614.4","US"
"idb.263650.4","US"
"idb.263652.6","US"
"idb.263708.8","US"
"idb.263717.6","US"
"idb.263724.6","US"
"idb.263759.c","US"
"idb.263773.4","RU"
"idb.263782.a","US"
"idb.263790.9","US"
"idb.263791.8","US"
"idb.263825.8","US"
"idb.263831.d","US"
"idb.263832.e","US"
"idb.263834.8","US"
"idb.263837.b","US"
"idb.263848.3","US"
"idb.263856.c","US"
"idb.263857.d","US"
"idb.263864.d","US"
"idb.263870.8","US"
"idb.263872.a","US"
"idb.263880.7","US"
"idb.263883.4","US"
"idb.263886.1","US"
"idb.263912.d",""
"idb.263922.e","US"
"idb.263923.f","US"
"idb.263924.8","US"
"idb.263934.9","US"
"idb.263944.e","US"
"idb.264034.7","US"
"idb.264038.b","US"
"idb.264041.5",""
"idb.264047.3","US"
"idb.264060.6","CA"
"idb.264091.8","US"
"idb.264118.8","CA"
"idb.264119.9","US"
"idb.264141.4","US"
"idb.264154.0","US"
"idb.264200.2","GB"
"idb.264257.0","US"
"idb.264260.4","US"
"idb.264262.6","US"
"idb.264266.2","US"
"idb.264268.c","US"
"idb.264269.d","US"
"idb.264270.5","US"
"idb.264271.4","US"
"idb.264272.7","US"
"idb.264273.6","US"
"idb.264274.1","US"
"idb.264275.0","US"
"idb.264276.3","US"
"idb.264285.f","ID"
"idb.264303.0","US"
"idb.264307.4","US"
"idb.264352.4","US"
"idb.264359.f","US"
"idb.264414.1","US"
"idb.264430.7","US"
"idb.264440.0","US"
"idb.264484.8","US"
"idb.264500.5","US"
"idb.264601.7","US"
"idb.264622.6","US"
"idb.264626.2","US"
"idb.264648.a","CA"
"idb.264727.2","US"
"idb.264730.4","US"
"idb.264732.6","CL"
"idb.264737.3","US"
"idb.264754.6","US"
"idb.264755.7","US"
"idb.264756.4","US"
"idb.264758.a","US"
"idb.264759.b","US"
"idb.264760.1","US"
"idb.264763.2","US"
"idb.264766.7","US"
"idb.264771.1","US"
"idb.264772.2","US"
"idb.264784.b","US"
"idb.264797.9","US"
"idb.264889.9","US"
"idb.264899.8","US"
"idb.264933.9","US"
"idb.264978.6","GE"
"idb.264981.0","US"
"idb.264999.9","US"
"idb.265008.9","US"
"idb.265009.8","US"
"idb.265014.4","CA"
"idb.265109.9","US"
"idb.265117.6","US"
"idb.265118.9","US"
"idb.265122.0","US"
"idb.265150.5","US"
"idb.265158.d","US"
"idb.265172.5","US"
"idb.265179.e","CA"
"idb.265193.a","US"
"idb.265215.7","US"
"idb.265219.b","US"
"idb.265222.3","US"
"idb.265234.4","TN"
"idb.265253.5","US"
"idb.26527.34","ES"
"idb.265436.0","US"
"idb.265438.e","US"
"idb.265457.7","US"
"idb.265465.6","US"
"idb.265544.4","US"
"idb.265686.9","CA"
"idb.265695.b","CA"
"idb.265696.8","CA"
"idb.265702.4","CA"
"idb.265703.5","CA"
"idb.265704.2","CA"
"idb.265705.3","CA"
"idb.265850.c","US"
"idb.265881.0","US"
"idb.265886.7","US"
"idb.265892.2","US"
"idb.265893.3","US"
"idb.265894.4","US"
"idb.265896.6","US"
"idb.265948.4","US"
"idb.265960.e","US"
"idb.265963.d","US"
"idb.266034.5","GB"
"idb.266050.7","US"
"idb.266093.8","US"
"idb.266096.d","US"
"idb.266097.c","US"
"idb.266100.3","US"
"idb.266102.1","US"
"idb.266128.9","US"
"idb.266150.6","US"
"idb.266151.7","US"
"idb.26618.3b","IT"
"idb.266186.d","US"
"idb.266190.a","US"
"idb.266198.2","US"
"idb.266229.b","US"
"idb.266231.2","US"
"idb.266239.a","US"
"idb.266243.7","US"
"idb.266309.8","US"
"idb.266333.1","US"
"idb.266343.6",""
"idb.266410.7","US"
"idb.266419.e","US"
"idb.266421.5","US"
"idb.266426.2","US"
"idb.266436.3","US"
"idb.266456.5","US"
"idb.266464.4","US"
"idb.266515.3","US"
"idb.266539.d","US"
"idb.266583.c","US"
"idb.26659.3e","DK"
"idb.266621.7","US"
"idb.266622.4","US"
"idb.266623.5","US"
"idb.266624.2","US"
"idb.266648.8","US"
"idb.266669.b","US"
"idb.266671.2","US"
"idb.266673.0","US"
"idb.266678.b","US"
"idb.266683.f","US"
"idb.266684.8","US"
"idb.266685.9","US"
"idb.266686.a","US"
"idb.266712.6","US"
"idb.266744.5","US"
"idb.266745.4","US"
"idb.266746.7","US"
"idb.266754.4","US"
"idb.266756.6","US"
"idb.266757.7","US"
"idb.266759.9","US"
"idb.266787.a","US"
"idb.266813.8","US"
"idb.266814.f","US"
"idb.266815.e","US"
"idb.266818.3","US"
"idb.266820.8","CA"
"idb.266826.e","US"
"idb.266831.8","US"
"idb.266832.b","US"
"idb.266834.d","US"
"idb.266835.c","US"
"idb.266853.c","US"
"idb.266856.9","US"
"idb.266859.6","US"
"idb.266860.c","US"
"idb.266861.d","US"
"idb.266862.e","US"
"idb.266865.9","US"
"idb.266869.5","US"
"idb.266871.c","US"
"idb.266876.b","CA"
"idb.266877.a","US"
"idb.266878.5","US"
"idb.266900.b","US"
"idb.266902.9","US"
"idb.266904.f","CA"
"idb.266957.9",""
"idb.266959.7",""
"idb.266998.a","US"
"idb.267012.0","US"
"idb.267033.3","US"
"idb.267034.4","PR"
"idb.267037.7","US"
"idb.267039.9","US"
"idb.267043.4","PR"
"idb.267044.3","US"
"idb.267047.0","US"
"idb.267057.1","US"
"idb.267065.0","US"
"idb.267102.0","US"
"idb.267103.1","US"
"idb.267119.a","US"
"idb.267131.0","US"
"idb.267149.f","US"
"idb.267153.4","US"
"idb.267161.5","US"
"idb.267169.d","US"
"idb.267188.2","US"
"idb.267189.3","US"
"idb.267193.8","US"
"idb.267207.6","US"
"idb.267280.9","US"
"idb.267301.1","US"
"idb.267302.2","US"
"idb.267303.3","US"
"idb.267304.4","US"
"idb.267305.5","US"
"idb.267307.7","US"
"idb.267308.8","US"
"idb.267309.9","US"
"idb.267310.1","US"
"idb.267313.2","US"
"idb.267315.4","US"
"idb.267323.1","US"
"idb.267324.6","US"
"idb.267327.5","US"
"idb.267337.4","US"
"idb.267360.6","US"
"idb.267362.4","US"
"idb.267374.3","US"
"idb.267376.1","US"
"idb.267401.6",""
"idb.267430.4","US"
"idb.267436.2","US"
"idb.267437.3","US"
"idb.267454.6","GB"
"idb.267455.7","CA"
"idb.267457.5","CA"
"idb.267460.1","US"
"idb.267462.3","US"
"idb.267468.9","US"
"idb.267474.4","US"
"idb.267475.5","US"
"idb.267476.6","US"
"idb.267478.8","US"
"idb.267479.9","US"
"idb.267480.f","US"
"idb.267481.e","US"
"idb.267484.b","US"
"idb.267488.7","US"
"idb.267550.3","US"
"idb.267572.3","US"
"idb.267585.b","US"
"idb.267627.0","US"
"idb.267628.f","US"
"idb.267634.2","US"
"idb.267667.4","US"
"idb.267677.5","US"
"idb.267736.1","US"
"idb.267748.8","US"
"idb.267756.7","CA"
"idb.267767.5","US"
"idb.267778.b","US"
"idb.2678.b","GB"
"idb.267871.d","US"
"idb.267893.1","US"
"idb.267895.7","US"
"idb.26790.3a","US"
"idb.267925.d","US"
"idb.26793.39","PT"
"idb.267959.6","GB"
"idb.267972.f","US"
"idb.268019.4","US"
"idb.268040.8","US"
"idb.268042.a","US"
"idb.268066.c","US"
"idb.268072.9","US"
"idb.268073.8","US"
"idb.268082.6","US"
"idb.268091.4","US"
"idb.26811.3c","ES"
"idb.268117.b","US"
"idb.268132.c","US"
"idb.268149.0","US"
"idb.268154.c","US"
"idb.268160.b","US"
"idb.268170.a","US"
"idb.268180.5","US"
"idb.268184.1","US"
"idb.268187.2","US"
"idb.268191.5","US"
"idb.268192.6","US"
"idb.268193.7","US"
"idb.268194.0","US"
"idb.268203.d","US"
"idb.268217.8","US"
"idb.268232.f","US"
"idb.268242.8","US"
"idb.268244.e","US"
"idb.268246.c","US"
"idb.268247.d","US"
"idb.268249.3","US"
"idb.268252.9","CA"
"idb.268256.d","US"
"idb.268257.c","US"
"idb.268271.8","US"
"idb.268273.a","US"
"idb.268275.c","US"
"idb.268282.4","US"
"idb.268283.5","US"
"idb.268293.4","US"
"idb.268294.3","US"
"idb.268295.2","US"
"idb.268302.d","US"
"idb.268323.e","US"
"idb.268324.9","US"
"idb.268333.f","US"
"idb.268352.8","US"
"idb.268355.f","US"
"idb.268358.2","CN"
"idb.268433.8","US"
"idb.268436.d",""
"idb.268446.a","JP"
"idb.268467.9","US"
"idb.26874.3f","ES"
"idb.26875.3e","GB"
"idb.26877.3c","GR"
"idb.268802.6","GB"
"idb.268922.5","GB"
"idb.268943.2","GB"
"idb.269014.8","GB"
"idb.26904.39","DE"
"idb.269695.7","DE"
"idb.269741.f",""
"idb.269823.4","US"
"idb.26999.3d","JP"
"idb.270056.6","US"
"idb.270114.1","GB"
"idb.270117.2","GB"
"idb.27024.33","DE"
"idb.270240.3","US"
"idb.27027.30","PT"
"idb.27028.3f","US"
"idb.27029.3e","DE"
"idb.270301.7","US"
"idb.270474.2","GB"
"idb.270670.4","FR"
"idb.270680.b","BE"
"idb.270683.8",""
"idb.270748.e","GB"
"idb.270794.f",""
"idb.270913.e","US"
"idb.271300.7","BR"
"idb.271308.f","GB"
"idb.271337.3","CA"
"idb.27139.3e","SK"
"idb.271780.b","IT"
"idb.271865.f","GB"
"idb.271921.e","US"
"idb.272110.7","US"
"idb.27235.31","US"
"idb.272362.0","US"
"idb.272364.6","US"
"idb.27255.37","CN"
"idb.272592.9",""
"idb.272605.4","JP"
"idb.272799.0","US"
"idb.272947.d","GB"
"idb.272976.f","US"
"idb.273102.5","DE"
"idb.273109.e","GB"
"idb.27324.30","US"
"idb.273271.2","US"
"idb.273335.3","US"
"idb.273376.4","GB"
"idb.273382.f","US"
"idb.273406.4","US"
"idb.273630.3","CA"
"idb.27372.33","BE"
"idb.27399.36","GR"
"idb.274058.c","US"
"idb.274177.0","US"
"idb.274264.1","US"
"idb.274295.f","US"
"idb.274356.1","US"
"idb.274506.2","US"
"idb.27463.34","IT"
"idb.27476.30","JP"
"idb.275013.2","GB"
"idb.27503.33","RS"
"idb.275217.4","DE"
"idb.27530.33","DK"
"idb.275564.7","ES"
"idb.27567.31","GB"
"idb.275742.1","US"
"idb.275752.0","US"
"idb.275879.6","GB"
"idb.27593.3a","DE"
"idb.276174.1","GR"
"idb.27667.32","BE"
"idb.276671.3",""
"idb.276773.0","US"
"idb.276808.3","US"
"idb.27729.39","FR"
"idb.277313.3","US"
"idb.27734.35","IT"
"idb.277353.7",""
"idb.27736.37","RU"
"idb.27749.3f","IT"
"idb.27755.32","US"
"idb.277695.8","US"
"idb.277812.9","US"
"idb.278125.b","US"
"idb.278167.d","US"
"idb.278411.9",""
"idb.278577.8","GB"
"idb.27860.3b","US"
"idb.27871.3b","CN"
"idb.27873.39","US"
"idb.279863.1","US"
"idb.279885.9","US"
"idb.279923.4","US"
"idb.279946.7","US"
"idb.279979.b","US"
"idb.279981.c","US"
"idb.280030.9","US"
"idb.280051.e","US"
"idb.280062.e","US"
"idb.28009.33","TR"
"idb.280122.b","US"
"idb.280128.1","US"
"idb.28020.38","ES"
"idb.280205.d","US"
"idb.280243.f","US"
"idb.280246.a","US"
"idb.280247.b","US"
"idb.280248.4","US"
"idb.280253.e","US"
"idb.280268.6","US"
"idb.280273.c","US"
"idb.280279.6","US"
"idb.280285.5","US"
"idb.280289.9","US"
"idb.280299.8","US"
"idb.280302.b","US"
"idb.280310.8","US"
"idb.280313.b","US"
"idb.280316.e","US"
"idb.280319.1","US"
"idb.280326.d","US"
"idb.280332.8","US"
"idb.280333.9","US"
"idb.280334.e","US"
"idb.280335.f","US"
"idb.280336.c","US"
"idb.280337.d","US"
"idb.280345.8","US"
"idb.280347.a","US"
"idb.280350.c","US"
"idb.280360.f","US"
"idb.280361.e","US"
"idb.280362.d","US"
"idb.280365.a","US"
"idb.280376.8","US"
"idb.280384.5","US"
"idb.280387.6","US"
"idb.280390.0","US"
"idb.280395.5","US"
"idb.280396.6","US"
"idb.280401.f","US"
"idb.280409.7","US"
"idb.280411.e","US"
"idb.280412.d","US"
"idb.280415.a","US"
"idb.280417.8","US"
"idb.280418.7","US"
"idb.280421.d","US"
"idb.280427.b","US"
"idb.280428.4","US"
"idb.280429.5","US"
"idb.280432.f","US"
"idb.280434.9","US"
"idb.280457.c","US"
"idb.28046.38","CA"
"idb.280460.8","US"
"idb.280469.1","US"
"idb.280471.8","US"
"idb.280472.b","US"
"idb.28048.36","PL"
"idb.280499.e","US"
"idb.280502.d","US"
"idb.280503.c","US"
"idb.280512.c","US"
"idb.280514.a","US"
"idb.280535.9","US"
"idb.280536.a","US"
"idb.280537.b","US"
"idb.280557.d","US"
"idb.280558.2","US"
"idb.280559.3","US"
"idb.28056.39","CN"
"idb.280560.9","US"
"idb.280561.8","US"
"idb.280567.e","US"
"idb.280571.9","US"
"idb.280577.f","US"
"idb.280587.0","US"
"idb.280592.4","US"
"idb.280596.0","US"
"idb.280601.d","US"
"idb.280616.b","US"
"idb.280625.b","US"
"idb.280635.a","US"
"idb.280639.6","US"
"idb.280642.a","US"
"idb.280644.c","US"
"idb.280646.e","US"
"idb.280655.c","US"
"idb.280661.b","US"
"idb.280662.8","US"
"idb.280664.e","US"
"idb.280669.3","US"
"idb.280670.b","US"
"idb.280671.a","US"
"idb.280673.8","US"
"idb.280676.d","US"
"idb.280678.3","US"
"idb.280682.6","US"
"idb.280695.0","US"
"idb.280698.d","US"
"idb.280699.c","US"
"idb.280700.d","US"
"idb.280711.d","US"
"idb.280713.f","US"
"idb.280718.4","US"
"idb.280732.c","US"
"idb.280735.b","US"
"idb.280736.8","US"
"idb.280738.6","US"
"idb.280741.8","US"
"idb.280743.a","US"
"idb.280747.e","US"
"idb.280766.d","US"
"idb.280767.c","US"
"idb.280768.3","US"
"idb.280773.9","US"
"idb.280776.c","US"
"idb.280777.d","US"
"idb.280785.0","US"
"idb.280786.3","US"
"idb.280800.2","US"
"idb.280807.5","US"
"idb.280808.a","US"
"idb.280816.5","US"
"idb.280822.2","US"
"idb.280828.8","US"
"idb.280838.9","US"
"idb.280840.6","US"
"idb.280851.6","US"
"idb.280852.5","US"
"idb.280855.2","US"
"idb.280861.5","US"
"idb.280866.2","US"
"idb.280868.c","US"
"idb.280871.4","US"
"idb.280877.2","US"
"idb.280878.d","US"
"idb.280881.b","US"
"idb.280883.9","US"
"idb.280892.9","US"
"idb.280893.8","US"
"idb.280897.c","US"
"idb.280902.1","US"
"idb.280914.6","US"
"idb.280920.1","US"
"idb.280924.5","US"
"idb.280928.9","US"
"idb.280929.8","US"
"idb.280930.0","US"
"idb.280933.3","US"
"idb.280934.4","US"
"idb.280937.7","US"
"idb.280939.9","US"
"idb.280950.6","US"
"idb.280953.5","US"
"idb.280954.2","US"
"idb.280962.7","US"
"idb.280983.8","US"
"idb.280985.e","US"
"idb.280986.d","US"
"idb.281001.a","US"
"idb.281003.8","US"
"idb.281004.f","US"
"idb.281005.e","US"
"idb.281017.d","US"
"idb.281018.2","US"
"idb.281031.9","US"
"idb.281032.a","US"
"idb.281034.c","US"
"idb.281035.d","US"
"idb.281036.e","US"
"idb.281037.f","US"
"idb.281043.c","US"
"idb.281044.b","US"
"idb.281075.9","US"
"idb.281076.a","US"
"idb.281079.5","US"
"idb.281080.3","US"
"idb.281082.1","US"
"idb.281084.7","US"
"idb.281093.1","US"
"idb.281094.6","US"
"idb.281095.7","US"
"idb.281096.4","US"
"idb.281102.8","US"
"idb.281110.b","US"
"idb.281112.9","US"
"idb.281117.c","US"
"idb.281121.9","US"
"idb.281126.e","US"
"idb.281129.1","US"
"idb.281131.8","US"
"idb.281157.8","US"
"idb.281159.6","US"
"idb.281162.e","US"
"idb.281189.b","US"
"idb.281192.1","US"
"idb.281196.5","US"
"idb.281207.e","US"
"idb.281208.1","US"
"idb.28121.38","DE"
"idb.281217.f","US"
"idb.281219.1","US"
"idb.281220.b","US"
"idb.281221.a","US"
"idb.281222.9","US"
"idb.281233.9","US"
"idb.281234.e","US"
"idb.281236.c","US"
"idb.281253.f","US"
"idb.281255.9","US"
"idb.281269.6","US"
"idb.281272.c","US"
"idb.281273.d","US"
"idb.281274.a","US"
"idb.281275.b","US"
"idb.281277.9","US"
"idb.281280.1","US"
"idb.281286.7","US"
"idb.281288.9","US"
"idb.281295.5","US"
"idb.281296.6","ZW"
"idb.281318.1","US"
"idb.281320.a","US"
"idb.281322.8","US"
"idb.281323.9","US"
"idb.281326.c","US"
"idb.281348.4","US"
"idb.281349.5","US"
"idb.281350.d","US"
"idb.281359.4","US"
"idb.281370.f","US"
"idb.281380.0","US"
"idb.281386.6","US"
"idb.281413.d","US"
"idb.281414.a","US"
"idb.281425.8","US"
"idb.281441.a","US"
"idb.281449.2","US"
"idb.281450.a","US"
"idb.281464.d","US"
"idb.281466.f","US"
"idb.281469.0","US"
"idb.281503.d","US"
"idb.281514.b","US"
"idb.281516.9","US"
"idb.281565.d","US"
"idb.281569.1","US"
"idb.281572.b","US"
"idb.281577.e","US"
"idb.281579.0","US"
"idb.281603.e","US"
"idb.281617.b","US"
"idb.281626.9","US"
"idb.281629.6","US"
"idb.281663.8","US"
"idb.281721.f","US"
"idb.281728.6","US"
"idb.281731.e","US"
"idb.281735.a","US"
"idb.281749.1","US"
"idb.281750.9","US"
"idb.281811.3","US"
"idb.281816.4","US"
"idb.281820.1","US"
"idb.281821.0","US"
"idb.281824.5","US"
"idb.281825.4","US"
"idb.281833.3","US"
"idb.281900.2","US"
"idb.281913.0","US"
"idb.281916.5","US"
"idb.281917.4","US"
"idb.281918.b","US"
"idb.281923.3","US"
"idb.281926.6","US"
"idb.281927.7","US"
"idb.281929.9","US"
"idb.281943.5","US"
"idb.281949.f","US"
"idb.281958.f","US"
"idb.282012.b","US"
"idb.28203.3b","US"
"idb.282043.f","US"
"idb.282051.c","US"
"idb.282058.5","US"
"idb.282071.e","US"
"idb.282223.b","US"
"idb.282227.f","US"
"idb.282228.0","US"
"idb.282237.e","US"
"idb.28224.3e","MD"
"idb.282242.c","US"
"idb.282248.6","US"
"idb.282256.9","US"
"idb.282318.2","US"
"idb.282335.d","US"
"idb.282356.8","US"
"idb.282378.4","US"
"idb.282387.4","US"
"idb.282399.b","US"
"idb.282405.9","US"
"idb.282455.c","US"
"idb.282501.c","US"
"idb.282512.e","US"
"idb.282533.d","US"
"idb.282549.0","US"
"idb.282569.2","US"
"idb.282774.c","US"
"idb.282776.e","US"
"idb.282780.7","US"
"idb.282852.7","US"
"idb.28287.37","SE"
"idb.282940.5","US"
"idb.283003.a","US"
"idb.283020.b","US"
"idb.283061.e","US"
"idb.283086.7","US"
"idb.283116.f","US"
"idb.283117.e","US"
"idb.283143.f","US"
"idb.283189.9","US"
"idb.283194.5","US"
"idb.283219.3","US"
"idb.283252.c","BR"
"idb.28326.3d","IT"
"idb.28328.33","GB"
"idb.283529.7","US"
"idb.283535.a","US"
"idb.283556.f","US"
"idb.283577.c","US"
"idb.28367.38","DE"
"idb.283674.c","US"
"idb.28368.37","DE"
"idb.28371.3f","GB"
"idb.283747.d","US"
"idb.28390.30","DE"
"idb.283991.8","US"
"idb.284009.7","US"
"idb.28403.3d","IT"
"idb.284037.a","US"
"idb.28409.37","ES"
"idb.28455.3e","TR"
"idb.284589.a","US"
"idb.284593.1","US"
"idb.284594.6","US"
"idb.284601.9","US"
"idb.284652.f","US"
"idb.284661.f","US"
"idb.284665.b","US"
"idb.284723.8","CN"
"idb.284748.5","US"
"idb.28479.30","ES"
"idb.284844.6","US"
"idb.284932.6","US"
"idb.28494.33","US"
"idb.285204.9","US"
"idb.28526.3b","NO"
"idb.28541.3a","DE"
"idb.285538.1","US"
"idb.285544.a","US"
"idb.28558.32","GR"
"idb.285632.8","US"
"idb.285683.2","US"
"idb.28577.3f","GB"
"idb.285821.4","US"
"idb.285945.7","US"
"idb.28598.3e","IT"
"idb.286020.e","US"
"idb.286227.b","US"
"idb.286411.8","US"
"idb.286440.c","US"
"idb.2865.9","US"
"idb.286580.1","US"
"idb.286599.9","US"
"idb.286606.c","US"
"idb.286616.d","US"
"idb.286648.6","US"
"idb.286659.6","US"
"idb.286674.9","US"
"idb.286784.7","BR"
"idb.286844.4","US"
"idb.286879.a","US"
"idb.286884.8","US"
"idb.286904.1","US"
"idb.287008.5","US"
"idb.28703.3e","CN"
"idb.287260.9","US"
"idb.287491.1","US"
"idb.2875.8","CA"
"idb.287582.2","US"
"idb.287625.c","US"
"idb.28766.3d","BR"
"idb.287982.e","MZ"
"idb.28803.31","US"
"idb.288093.8","US"
"idb.288134.4","US"
"idb.288161.4","US"
"idb.288199.3","US"
"idb.288223.1","US"
"idb.288280.8","US"
"idb.288375.3","DE"
"idb.288434.1","US"
"idb.28848.3e","FR"
"idb.288617.2","US"
"idb.28867.33","GB"
"idb.288757.7","US"
"idb.28894.3f","DE"
"idb.28911.33","PT"
"idb.289167.3","US"
"idb.28917.35","ES"
"idb.289183.9","US"
"idb.289247.2","KR"
"idb.289255.1","US"
"idb.28928.39","ES"
"idb.289318.9","US"
"idb.28937.37","SE"
"idb.289438.c","US"
"idb.289644.5","US"
"idb.289731.6","US"
"idb.289748.8","CA"
"idb.289774.7","US"
"idb.289859.7","US"
"idb.289870.c","US"
"idb.290014.e","US"
"idb.290496.0","US"
"idb.29050.3e","SE"
"idb.29078.34","CH"
"idb.290859.f","US"
"idb.290962.6","US"
"idb.29102.38","IT"
"idb.29109.33","GB"
"idb.291173.f","US"
"idb.291287.7","US"
"idb.29160.3c","DE"
"idb.29172.3f","FR"
"idb.291951.7","US"
"idb.29219.31","DE"
"idb.292466.d","CA"
"idb.292470.a","CA"
"idb.292475.f","CA"
"idb.292478.2","CA"
"idb.292479.3","CA"
"idb.292480.5","CA"
"idb.292481.4","CA"
"idb.292482.7","CA"
"idb.292484.1","CA"
"idb.292486.3","CA"
"idb.292487.2","CA"
"idb.292488.d","CA"
"idb.292489.c","CA"
"idb.292490.4","CA"
"idb.292493.7","CA"
"idb.292494.0","CA"
"idb.292496.2","CA"
"idb.292497.3","CA"
"idb.292498.c","CA"
"idb.292499.d","CA"
"idb.292501.d","CA"
"idb.292502.e","CA"
"idb.292503.f","CA"
"idb.292504.8","CA"
"idb.292505.9","CA"
"idb.292506.a","CA"
"idb.292508.4","CA"
"idb.292509.5","CA"
"idb.29251.3d","JO"
"idb.292511.c","CA"
"idb.292512.f","CA"
"idb.292513.e","CA"
"idb.292514.9","CA"
"idb.292516.b","CA"
"idb.292517.a","CA"
"idb.292519.4","CA"
"idb.292520.e","CA"
"idb.292522.c","CA"
"idb.292524.a","CA"
"idb.292527.9","CA"
"idb.292528.6","CA"
"idb.292529.7","CA"
"idb.292530.f","CA"
"idb.292531.e","CA"
"idb.292532.d","CA"
"idb.292533.c","CA"
"idb.292534.b","CA"
"idb.292535.a","CA"
"idb.292536.9","CA"
"idb.292537.8","CA"
"idb.292538.7","CA"
"idb.292541.9","CA"
"idb.292542.a","CA"
"idb.292544.c","CA"
"idb.292545.d","CA"
"idb.292547.f","CA"
"idb.292548.0","CA"
"idb.292550.9","CA"
"idb.292551.8","CA"
"idb.292552.b","CA"
"idb.292553.a","CA"
"idb.292556.f","CA"
"idb.292557.e","CA"
"idb.292559.0","CA"
"idb.292561.b","CA"
"idb.292562.8","CA"
"idb.292564.e","CA"
"idb.292565.f","CA"
"idb.292566.c","CA"
"idb.292567.d","CA"
"idb.292568.2","CA"
"idb.292569.3","CA"
"idb.292570.b","CA"
"idb.292571.a","CA"
"idb.292572.9","CA"
"idb.292573.8","CA"
"idb.292574.f","CA"
"idb.292575.e","CA"
"idb.292576.d","CA"
"idb.292577.c","CA"
"idb.292578.3","CA"
"idb.292579.2","CA"
"idb.292580.4","CA"
"idb.292581.5","CA"
"idb.292591.4","CA"
"idb.292619.7","CA"
"idb.292627.a","CA"
"idb.292643.8","CA"
"idb.292651.b","CA"
"idb.292663.a","CA"
"idb.292666.f","CA"
"idb.292684.3","CA"
"idb.292707.9","CA"
"idb.29273.3d","CM"
"idb.292803.2","CA"
"idb.292811.1","CA"
"idb.292815.5","CA"
"idb.292828.b","CA"
"idb.292836.4","CA"
"idb.292847.2","CA"
"idb.292879.f","CA"
"idb.292886.f","CA"
"idb.292887.e","CA"
"idb.292947.3","CA"
"idb.292984.c","CA"
"idb.293045.9","CA"
"idb.293054.9","CA"
"idb.293206.c","CA"
"idb.293256.9","CA"
"idb.293261.d","CA"
"idb.293285.7","CA"
"idb.293318.2","CA"
"idb.293402.e","CA"
"idb.293473.8","CA"
"idb.293476.d","CA"
"idb.293641.b","CA"
"idb.293784.3","CA"
"idb.293868.e","CA"
"idb.294116.9","US"
"idb.294303.f","US"
"idb.294336.9","US"
"idb.294375.e","US"
"idb.294522.a","US"
"idb.294525.d","US"
"idb.294662.d","US"
"idb.294664.b","US"
"idb.294786.6","US"
"idb.29486.31","JP"
"idb.294878.8","US"
"idb.294925.1","US"
"idb.294982.c","US"
"idb.295067.f","US"
"idb.295108.7","US"
"idb.295250.9","US"
"idb.295371.b","US"
"idb.295397.3","US"
"idb.295457.8","US"
"idb.295546.9","US"
"idb.295610.9","US"
"idb.295654.9","US"
"idb.295699.8","US"
"idb.295759.5","US"
"idb.295786.7","US"
"idb.295849.b","US"
"idb.295852.1","US"
"idb.295860.0","US"
"idb.296037.9","US"
"idb.296211.f","US"
"idb.296275.d","US"
"idb.296491.1","US"
"idb.29657.3f","CH"
"idb.296572.d","US"
"idb.296577.8","US"
"idb.296679.5","US"
"idb.296685.6","US"
"idb.296736.f","US"
"idb.296756.9","US"
"idb.296797.4","US"
"idb.296903.7","US"
"idb.296913.6","US"
"idb.297051.8","US"
"idb.297133.d","US"
"idb.297230.d","US"
"idb.297280.6","US"
"idb.297656.9","US"
"idb.29773.38","FR"
"idb.298107.5","US"
"idb.298111.2","US"
"idb.298187.d","US"
"idb.298236.4","US"
"idb.298247.2","US"
"idb.298254.0","US"
"idb.298261.6","US"
"idb.298366.0","US"
"idb.298421.4","US"
"idb.298427.2","US"
"idb.298530.5","US"
"idb.29857.31","US"
"idb.298573.2","US"
"idb.298577.6","US"
"idb.298600.5","US"
"idb.298775.6","US"
"idb.298839.1","US"
"idb.298859.7","US"
"idb.298869.4","US"
"idb.298900.a","US"
"idb.298902.8","US"
"idb.298947.9","US"
"idb.299005.7","US"
"idb.299045.3","US"
"idb.29906.34","TR"
"idb.299068.c","US"
"idb.299144.3","US"
"idb.299145.2","US"
"idb.299158.e","US"
"idb.299163.6","US"
"idb.299175.1","US"
"idb.299177.3","US"
"idb.299241.5","US"
"idb.299279.e","US"
"idb.299284.c","US"
"idb.299302.3","US"
"idb.299390.8","US"
"idb.299413.4","US"
"idb.299564.5","US"
"idb.299565.4","US"
"idb.299573.3","US"
"idb.299612.7","US"
"idb.299629.f","US"
"idb.29978.3d","US"
"idb.299784.9","US"
"idb.29980.3a","NZ"
"idb.299848.6","US"
"idb.299863.f","US"
"idb.299916.c","US"
"idb.299919.3","US"
"idb.299970.c","US"
"idb.300177.2","US"
"idb.300180.a","US"
"idb.300201.0","US"
"idb.300244.1","US"
"idb.300330.3","US"
"idb.300379.e","US"
"idb.300389.1","US"
"idb.300477.7","US"
"idb.300547.5","US"
"idb.30064.31","US"
"idb.30070.34","FR"
"idb.30073.37","GB"
"idb.300943.d","US"
"idb.300952.d","US"
"idb.301014.7","US"
"idb.301036.7","US"
"idb.301039.8","US"
"idb.301272.5","AU"
"idb.301381.8","DE"
"idb.30252.36","DE"
"idb.30389.31","US"
"idb.30390.39","FR"
"idb.30435.31","IT"
"idb.3057.1",""
"idb.30579.38","IT"
"idb.30758.39","CH"
"idb.30760.32","US"
"idb.30805.3e","ES"
"idb.30977.3a","FR"
"idb.31052.35","GB"
"idb.31082.38","RO"
"idb.31143.34","MA"
"idb.31147.30","NL"
"idb.31186.3d","IE"
"idb.31410.37","GB"
"idb.31567.36","DE"
"idb.31730.36","DE"
"idb.31880.32","CN"
"idb.32015.35","IT"
"idb.32217.35","DE"
"idb.32224.35","US"
"idb.32232.32","DE"
"idb.32348.3e","US"
"idb.32495.39","RU"
"idb.32517.32","ES"
"idb.32867.38","PT"
"idb.33058.3d","KE"
"idb.33185.3c","NO"
"idb.3319.8","GB"
"idb.33235.34","FR"
"idb.33236.37","IT"
"idb.33286.3c","DE"
"idb.33489.35","US"
"idb.33565.36","AT"
"idb.33646.34","US"
"idb.33647.35","US"
"idb.3368.e","DK"
"idb.33692.3d","GB"
"idb.33695.3a","IE"
"idb.33762.33","RU"
"idb.33831.3a","FR"
"idb.3393.a","US"
"idb.34012.34","GB"
"idb.3434.0","BE"
"idb.34421.30","US"
"idb.34424.35","US"
"idb.34428.39","CA"
"idb.34429.38","CA"
"idb.34474.30","US"
"idb.34477.33","US"
"idb.34555.32","UA"
"idb.34608.39","CL"
"idb.34646.33","GB"
"idb.3474.4","US"
"idb.34988.3e","IT"
"idb.35155.37","CN"
"idb.3532.7","US"
"idb.35349.38","GB"
"idb.35390.3c","FR"
"idb.35403.31","US"
"idb.35731.33","PT"
"idb.3575.4","CH"
"idb.35784.3d","ES"
"idb.35843.39","SE"
"idb.35937.3b","GB"
"idb.36076.34","GB"
"idb.36083.3e","ES"
"idb.36097.3b","FR"
"idb.36110.35","CA"
"idb.36120.36","NL"
"idb.3613.7","US"
"idb.36193.3e","FR"
"idb.36212.34","GB"
"idb.36305.33","GB"
"idb.36316.31","GB"
"idb.36408.39","FR"
"idb.36425.36","US"
"idb.36511.30","GB"
"idb.36567.31","US"
"idb.36738.39","GR"
"idb.36751.36","US"
"idb.36823.3c","FR"
"idb.3721.7","CH"
"idb.37213.34","CA"
"idb.37299.36","HU"
"idb.37372.32","FR"
"idb.37429.3b","IT"
"idb.37430.33","FI"
"idb.37485.3d","FR"
"idb.37640.36","GB"
"idb.37678.3d","SE"
"idb.37872.39","DE"
"idb.38142.3c","US"
"idb.38225.3e","IT"
"idb.38275.3b","DE"
"idb.38449.32","DE"
"idb.38678.32","CA"
"idb.38936.37","DE"
"idb.39009.33","DE"
"idb.39288.38","GB"
"idb.39290.31","FR"
"idb.39325.3e","UA"
"idb.39364.3b","NL"
"idb.39381.30","CA"
"idb.39382.33","US"
"idb.39479.30","US"
"idb.39489.3f","GB"
"idb.39591.37","CA"
"idb.39679.32","US"
"idb.39687.33","SD"
"idb.39768.33","ES"
"idb.39936.36","US"
"idb.40263.33","US"
"idb.40368.39","GB"
"idb.40548.3d","NL"
"idb.40602.30","DE"
"idb.40616.35","MT"
"idb.40781.3a","GB"
"idb.40803.3f","US"
"idb.410300.6","BY"
"idb.410303.5","US"
"idb.410304.2","US"
"idb.410305.3","US"
"idb.410307.1","GE"
"idb.410308.e","DE"
"idb.410309.f","FR"
"idb.410310.7","US"
"idb.410311.6","US"
"idb.410312.5","ES"
"idb.410313.4","ES"
"idb.410314.3","DE"
"idb.410315.2","GB"
"idb.410316.1","ES"
"idb.410318.f","CN"
"idb.410319.e","CA"
"idb.410329.d","CA"
"idb.410330.5","US"
"idb.410331.4","US"
"idb.410332.7","US"
"idb.410333.6","US"
"idb.410334.1","CA"
"idb.410335.0","GR"
"idb.410336.3","CA"
"idb.410337.2","DE"
"idb.410338.d","US"
"idb.410339.c","FR"
"idb.410340.2","IT"
"idb.410341.3","GR"
"idb.410342.0","GR"
"idb.410343.1","GB"
"idb.410344.6","BG"
"idb.410345.7","IT"
"idb.410346.4","PL"
"idb.410347.5","US"
"idb.410348.a","IT"
"idb.410349.b","US"
"idb.410350.3","FR"
"idb.410351.2","GB"
"idb.410352.1","US"
"idb.410353.0","NO"
"idb.410354.7","US"
"idb.410355.6","US"
"idb.410356.5","CA"
"idb.410358.b","RU"
"idb.410359.a","US"
"idb.410360.0","GB"
"idb.410361.1","ES"
"idb.410362.2","CA"
"idb.410363.3","FR"
"idb.410364.4","FR"
"idb.410365.5","IS"
"idb.410366.6","PT"
"idb.410367.7","ES"
"idb.410368.8","FR"
"idb.410369.9","GR"
"idb.410370.1","US"
"idb.410371.0","US"
"idb.410372.3","US"
"idb.410373.2","US"
"idb.410374.5","US"
"idb.410375.4","US"
"idb.410376.7","DK"
"idb.410377.6","US"
"idb.410378.9","US"
"idb.410379.8","FR"
"idb.410380.e","CH"
"idb.410381.f","FI"
"idb.410382.c","US"
"idb.410383.d","US"
"idb.410384.a","CA"
"idb.410385.b","US"
"idb.410386.8","US"
"idb.410387.9","CH"
"idb.410388.6","PT"
"idb.410389.7","ES"
"idb.410390.f","ES"
"idb.410391.e","NO"
"idb.410392.d","IT"
"idb.410393.c","US"
"idb.410394.b","US"
"idb.410395.a","US"
"idb.410396.9","US"
"idb.410397.8","DK"
"idb.410399.6","US"
"idb.410400.1","US"
"idb.410402.3","US"
"idb.410403.2","US"
"idb.410404.5","US"
"idb.410405.4","PW"
"idb.410406.7","GR"
"idb.410407.6","RU"
"idb.410408.9","US"
"idb.410409.8","US"
"idb.410410.0","FR"
"idb.410411.1","US"
"idb.410412.2","US"
"idb.410413.3","AT"
"idb.410414.4","US"
"idb.410415.5","GB"
"idb.410416.6","GB"
"idb.410417.7","ES"
"idb.410418.8","US"
"idb.410420.3","DE"
"idb.410421.2","GB"
"idb.410422.1","US"
"idb.410425.6","US"
"idb.410426.5","CA"
"idb.410427.4","US"
"idb.410428.b","US"
"idb.410429.a","US"
"idb.410430.2","US"
"idb.410431.3","CA"
"idb.410432.0","CA"
"idb.410433.1","CA"
"idb.410434.6","US"
"idb.410435.7","US"
"idb.410436.4","US"
"idb.410437.5","CA"
"idb.410438.a","US"
"idb.410439.b","IT"
"idb.410440.5","US"
"idb.410441.4","US"
"idb.410442.7","US"
"idb.410443.6","US"
"idb.410444.1","US"
"idb.410445.0","US"
"idb.410446.3","US"
"idb.41056.36","PL"
"idb.41156.37","CN"
"idb.41206.31","TR"
"idb.41312.35","CO"
"idb.41315.32","DE"
"idb.41405.34","GE"
"idb.41611.33","SK"
"idb.41719.3a","AT"
"idb.41724.34","FR"
"idb.41756.31","BE"
"idb.41891.35","US"
"idb.42050.33","RO"
"idb.42167.36","GB"
"idb.42269.3b","SY"
"idb.42271.32","LB"
"idb.42283.3f","DE"
"idb.42327.30","CA"
"idb.42399.35","FR"
"idb.4241.3","GR"
"idb.42475.30","GB"
"idb.42505.36","US"
"idb.42629.3b","GB"
"idb.4269.9","GB"
"idb.42707.36","MX"
"idb.42752.36","US"
"idb.4278.9","CZ"
"idb.42781.38","GB"
"idb.4280.e","SG"
"idb.42918.36","ES"
"idb.4293.c","IT"
"idb.4299.6","AT"
"idb.4305.2","GB"
"idb.4307.0","FR"
"idb.43084.3b","ES"
"idb.43169.39","CN"
"idb.4319.f","NO"
"idb.43269.3a","IT"
"idb.4332.6","AT"
"idb.43322.34","LT"
"idb.43342.32","AT"
"idb.4336.2","IT"
"idb.43412.30","PT"
"idb.4347.4","IT"
"idb.43519.3a","AE"
"idb.43582.38","US"
"idb.4365.4","FR"
"idb.4367.6","US"
"idb.43710.31","GB"
"idb.4372.2","DE"
"idb.43749.3d","GB"
"idb.4391.f","US"
"idb.43914.3b","GR"
"idb.43969.31","US"
"idb.4399.7","FR"
"idb.44032.31","CA"
"idb.4411.0","AT"
"idb.44203.31","CZ"
"idb.44214.37","US"
"idb.4422.0","CN"
"idb.4425.7","GB"
"idb.44361.34","GB"
"idb.4437.4","US"
"idb.4444.0","FR"
"idb.44515.31","NO"
"idb.44563.30","IT"
"idb.4461.7","FR"
"idb.4462.4","MT"
"idb.4463.5","GR"
"idb.4464.2","GB"
"idb.4466.0","IT"
"idb.44705.32","DE"
"idb.44801.39","GB"
"idb.4487.f","GB"
"idb.44870.3f","GB"
"idb.44871.3e","IN"
"idb.4488.0","DE"
"idb.4489.1","ES"
"idb.4491.8","CZ"
"idb.4494.d","NL"
"idb.4495.c","PL"
"idb.45099.31","DE"
"idb.4514.4","SE"
"idb.45199.30","MU"
"idb.45202.31","LK"
"idb.4521.2","ES"
"idb.4527.4","IT"
"idb.4531.3","IT"
"idb.4534.6","NL"
"idb.45343.35","ES"
"idb.45349.3f","PT"
"idb.4538.a","US"
"idb.45419.3d","CA"
"idb.45465.36","DE"
"idb.4551.5","RO"
"idb.45515.30","RO"
"idb.4556.2","DE"
"idb.4561.6","DE"
"idb.4562.5","DE"
"idb.4563.4","GB"
"idb.4567.0","DE"
"idb.45672.32","SA"
"idb.45673.33","MK"
"idb.4572.4","FR"
"idb.4578.e","NO"
"idb.45907.3f","TW"
"idb.4605.7","RU"
"idb.46072.37","IR"
"idb.46078.3d","CA"
"idb.4612.1","PL"
"idb.4616.5","PL"
"idb.46197.3d","NG"
"idb.46309.38","US"
"idb.4643.5","IT"
"idb.46495.3a","GB"
"idb.4655.2","DK"
"idb.46561.30","KH"
"idb.46565.34","GB"
"idb.46699.34","GB"
"idb.46864.38","SK"
"idb.4687.d","GB"
"idb.46900.3b","FR"
"idb.4691.a","IT"
"idb.46910.3a","FI"
"idb.4694.f","GR"
"idb.4701.2","GB"
"idb.4708.b","IT"
"idb.4709.a","IT"
"idb.47100.32","US"
"idb.4711.3","ES"
"idb.4714.6","SE"
"idb.4716.4","GB"
"idb.47170.35","GB"
"idb.47244.31","IE"
"idb.47355.30","NL"
"idb.47422.37","IT"
"idb.4748.f","FR"
"idb.4756.0","GB"
"idb.47609.3c","CA"
"idb.4764.1","DE"
"idb.4777.3","GB"
"idb.47840.3f","US"
"idb.47894.36","US"
"idb.4793.9","GR"
"idb.4795.f","ES"
"idb.4800.c","IT"
"idb.48004.38","GB"
"idb.48040.38","DE"
"idb.4807.b","ES"
"idb.4808.4","HR"
"idb.48142.3b","FR"
"idb.4817.a","FR"
"idb.4818.5","NL"
"idb.48207.39","BG"
"idb.48247.3d","RO"
"idb.4825.b","FR"
"idb.4827.9","GB"
"idb.4828.6","FR"
"idb.4830.f","NL"
"idb.4831.e","DE"
"idb.48324.39","PL"
"idb.48336.3a","US"
"idb.4834.b","GR"
"idb.48349.32","LT"
"idb.4836.9","HU"
"idb.4839.6","BR"
"idb.48417.3e","RU"
"idb.4842.a","CZ"
"idb.4843.b","GB"
"idb.48430.3b","RU"
"idb.48472.3d","RU"
"idb.48507.3e","AM"
"idb.4857.e",""
"idb.4858.1","NL"
"idb.4861.b","BE"
"idb.4862.8","GB"
"idb.4868.2","GB"
"idb.48686.34","RO"
"idb.48769.34","BE"
"idb.48815.30","GB"
"idb.4886.2","RU"
"idb.48862.30","GB"
"idb.48950.30","US"
"idb.48959.39","FR"
"idb.48997.3b","RS"
"idb.4903.e","GB"
"idb.4905.8","HR"
"idb.4912.e","IE"
"idb.4926.9","PT"
"idb.4928.7",""
"idb.4929.6","FR"
"idb.49319.36","FR"
"idb.4947.e","IT"
"idb.49470.3e","CN"
"idb.49481.30","NZ"
"idb.49528.32","UA"
"idb.49697.35","ZA"
"idb.4970.a","GB"
"idb.4973.9","DK"
"idb.49746.38","TR"
"idb.49791.32","DE"
"idb.49798.3b","RO"
"idb.4987.2","HU"
"idb.4989.c","BE"
"idb.4990.4","BG"
"idb.4991.5","GB"
"idb.49922.34","GB"
"idb.4994.0","CZ"
"idb.50043.32","RO"
"idb.5012.6","NL"
"idb.50125.33","FR"
"idb.5018.c","HU"
"idb.50216.30","ES"
"idb.50257.35","US"
"idb.5037.1","SE"
"idb.50494.3c","IT"
"idb.50545.31","BE"
"idb.50550.35","FR"
"idb.50567.31","IT"
"idb.5065.6","NL"
"idb.5072.0","GB"
"idb.5081.c","NL"
"idb.5089.4","ES"
"idb.5090.c","FR"
"idb.50936.39","IT"
"idb.50937.38","DE"
"idb.50956.3f","US"
"idb.50971.3a","CN"
"idb.5098.4","RO"
"idb.5100.4","RO"
"idb.51008.3c","GB"
"idb.5110.5","AT"
"idb.5115.0","GB"
"idb.5117.2","DK"
"idb.5120.6","RO"
"idb.5132.5","NL"
"idb.5133.4","IT"
"idb.5146.6","HU"
"idb.51462.34","US"
"idb.5155.4","DE"
"idb.51580.39","GB"
"idb.5162.0","NL"
"idb.5164.6","DE"
"idb.51644.32","GB"
"idb.5169.b","GB"
"idb.5170.3","DK"
"idb.5173.0","PL"
"idb.5196.b","IT"
"idb.5214.2","GB"
"idb.5216.0","GR"
"idb.5232.6","FR"
"idb.5239.d","ES"
"idb.5251.3","GB"
"idb.5252.0","AT"
"idb.5253.1","DE"
"idb.52539.38","CA"
"idb.5254.6","DK"
"idb.5267.6","GB"
"idb.5268.9","ES"
"idb.52788.30","GB"
"idb.5284.b","BE"
"idb.5288.7","US"
"idb.5292.c","NL"
"idb.52996.31","GB"
"idb.5319.e","ES"
"idb.5326.2","IT"
"idb.5328.c","FR"
"idb.5329.d","AT"
"idb.5330.5","DE"
"idb.5333.6","CH"
"idb.5334.1","TR"
"idb.5335.0","GB"
"idb.5336.3","DE"
"idb.5337.2","GB"
"idb.5338.d","ES"
"idb.5340.2","FR"
"idb.5342.0","BE"
"idb.5361.1","AT"
"idb.5368.8","NL"
"idb.5371.0","SE"
"idb.5373.2","FI"
"idb.5374.5","PL"
"idb.5379.8","GB"
"idb.5380.e","CL"
"idb.53857.3c","US"
"idb.5386.8","US"
"idb.5388.6","FR"
"idb.5390.f","IT"
"idb.5395.a","IT"
"idb.53959.33","US"
"idb.53964.3d","US"
"idb.5398.7","FR"
"idb.5399.6","FR"
"idb.5403.2","IT"
"idb.5406.7","DE"
"idb.5433.1","DE"
"idb.54480.3d","AT"
"idb.5465.2","GB"
"idb.5468.f","GR"
"idb.5474.2","NL"
"idb.5475.3","GB"
"idb.5477.1","NL"
"idb.5491.9","GB"
"idb.55033.30","US"
"idb.55047.33","PL"
"idb.5507.7","BG"
"idb.5509.9","FI"
"idb.5510.1","NO"
"idb.5515.4","ES"
"idb.5522.0","PL"
"idb.5531.2","NL"
"idb.55325.34","NO"
"idb.55460.32","US"
"idb.55594.38","GB"
"idb.5560.6","DE"
"idb.55602.34","CA"
"idb.55614.33","CA"
"idb.55686.38","US"
"idb.5570.7","DE"
"idb.5571.6","FR"
"idb.5583.b","FR"
"idb.5586.e","DE"
"idb.5587.f","NL"
"idb.5590.9","NL"
"idb.5591.8","HU"
"idb.55939.33","GR"
"idb.55940.3d","IE"
"idb.5595.c","SE"
"idb.5596.f",""
"idb.5600.3","GB"
"idb.5601.2","DE"
"idb.5602.1","IT"
"idb.5603.0","DE"
"idb.56046.31","VN"
"idb.5606.5","IT"
"idb.56061.34","US"
"idb.5607.4","FR"
"idb.5608.b","IT"
"idb.5611.3","IT"
"idb.5612.0","ES"
"idb.5613.1","FR"
"idb.56302.32","SA"
"idb.5633.3","PL"
"idb.56362.34","US"
"idb.5637.7","DE"
"idb.5640.7","SE"
"idb.5645.2","NL"
"idb.56466.37","US"
"idb.5650.6","NL"
"idb.5657.1","BE"
"idb.5659.f","DE"
"idb.5675.1","DE"
"idb.5676.2","FR"
"idb.5680.b","PT"
"idb.5681.a","CH"
"idb.5685.e","GB"
"idb.5690.a","ES"
"idb.56912.39","BE"
"idb.5693.9","PT"
"idb.5702.0","CH"
"idb.5718.b","DE"
"idb.5719.a","NL"
"idb.5734.5","CH"
"idb.5739.8",""
"idb.5740.6","IT"
"idb.57544.37","CA"
"idb.5771.4","AT"
"idb.57764.37","US"
"idb.57828.30","US"
"idb.57926.3f","CA"
"idb.57981.32","GB"
"idb.5801.c","CH"
"idb.5802.f","DE"
"idb.5805.8","FR"
"idb.5807.a","DE"
"idb.5808.5","PT"
"idb.5809.4","SE"
"idb.58090.34","US"
"idb.58140.38","FR"
"idb.58192.37","TR"
"idb.5828.7","CH"
"idb.58296.30","US"
"idb.58337.3a","LT"
"idb.5836.8","DE"
"idb.5841.8","ES"
"idb.5842.b","FR"
"idb.5846.f","GB"
"idb.5853.b","ES"
"idb.5855.d","DE"
"idb.58640.3f","GB"
"idb.5877.d","FR"
"idb.58782.30","BE"
"idb.5879.3","DE"
"idb.5884.1","GB"
"idb.5887.2","NL"
"idb.5891.5","LV"
"idb.5892.6","DE"
"idb.58949.39","GB"
"idb.59025.3b","SG"
"idb.59062.38","US"
"idb.5911.c","SE"
"idb.5924.a","ES"
"idb.5928.6","SE"
"idb.59409.31","DE"
"idb.5942.a","IT"
"idb.5947.f","NO"
"idb.5949.1","DE"
"idb.59490.31","GB"
"idb.5963.9","DE"
"idb.5970.b","IT"
"idb.59734.3c","US"
"idb.5986.2","FR"
"idb.59877.34","GB"
"idb.5991.4","CH"
"idb.59915.31","IE"
"idb.5997.2","NL"
"idb.60094.3b","US"
"idb.60109.3e","GB"
"idb.6025.1","SK"
"idb.6045.7","IT"
"idb.6050.3","FR"
"idb.6054.7","NL"
"idb.6057.4","SE"
"idb.6068.8","FR"
"idb.6070.1","FR"
"idb.6078.9","NL"
"idb.6083.d","GR"
"idb.6093.c","IT"
"idb.6094.b","SE"
"idb.60969.30","GB"
"idb.61209.3c","DE"
"idb.6137.3","FR"
"idb.6142.1","IE"
"idb.61453.35","GB"
"idb.61515.36","US"
"idb.6190.e","DE"
"idb.61971.38","CA"
"idb.6203.7","DK"
"idb.62139.3f","US"
"idb.6214.1","NL"
"idb.6227.1","FR"
"idb.6228.e","BE"
"idb.62560.37","US"
"idb.62562.35","US"
"idb.6268.a","GB"
"idb.6276.5","IT"
"idb.62813.3e","US"
"idb.6282.e","CZ"
"idb.6287.b","FR"
"idb.6289.5","FR"
"idb.6290.d","DE"
"idb.6292.f","IT"
"idb.6303.6","SE"
"idb.63054.34","US"
"idb.6312.6","ES"
"idb.63124.32","US"
"idb.6324.3","FI"
"idb.63368.38","US"
"idb.63387.39","GB"
"idb.6341.0","SE"
"idb.63622.33","GB"
"idb.6363.0","DE"
"idb.6374.6","GB"
"idb.6383.e","SE"
"idb.6385.8","NL"
"idb.6390.c","FR"
"idb.6401.3","IT"
"idb.6407.5","NO"
"idb.6408.a","IE"
"idb.64212.33","US"
"idb.64302.33","US"
"idb.64337.35","US"
"idb.6435.4","IE"
"idb.6441.7","LT"
"idb.64445.37","NO"
"idb.6451.6","IL"
"idb.6467.3","ES"
"idb.6477.2","IT"
"idb.6484.e","GB"
"idb.6496.d","ES"
"idb.65043.34","LU"
"idb.65098.32","NL"
"idb.65161.35","HU"
"idb.6518.a","GB"
"idb.6520.1","BE"
"idb.6530.0","IT"
"idb.6533.3","FI"
"idb.65456.34","US"
"idb.6546.1","DE"
"idb.65499.37","US"
"idb.65519.3e","US"
"idb.6553.5","DE"
"idb.65599.36","FR"
"idb.6569.c","DE"
"idb.6571.5","GB"
"idb.6572.6","GB"
"idb.6575.1","ES"
"idb.6582.9","DE"
"idb.6583.8","DE"
"idb.6584.f","DE"
"idb.6603.3","CY"
"idb.6606.6","BE"
"idb.6608.8","BE"
"idb.6612.3","CH"
"idb.66142.37","US"
"idb.6615.4","DE"
"idb.6625.7","FR"
"idb.66477.34","ES"
"idb.6652.7","CZ"
"idb.66782.3d","US"
"idb.66859.34","RU"
"idb.66875.3a","US"
"idb.66951.3d","US"
"idb.6696.f","SE"
"idb.67033.31","US"
"idb.67104.34","US"
"idb.67105.35","US"
"idb.6717.7","BE"
"idb.6722.1",""
"idb.6724.7","FR"
"idb.6734.6","DE"
"idb.6738.a","DE"
"idb.6759.d","HU"
"idb.67617.31","DE"
"idb.67942.3e","CH"
"idb.6809.7","GR"
"idb.6810.f","DE"
"idb.6827.b","RO"
"idb.68287.33","IE"
"idb.68312.3e","CA"
"idb.68320.3f","FR"
"idb.6835.8","ES"
"idb.6852.9","NL"
"idb.6862.a","DE"
"idb.6884.2","DE"
"idb.69003.3c","ES"
"idb.6901.e","LT"
"idb.6903.c","SK"
"idb.6906.9","NL"
"idb.6912.c","CZ"
"idb.6914.a","PL"
"idb.6926.b","SE"
"idb.6933.f","FR"
"idb.6935.9","TR"
"idb.6936.a","DE"
"idb.6963.a","PL"
"idb.6968.1","FR"
"idb.6973.b","LV"
"idb.6975.d","FI"
"idb.6977.f","BG"
"idb.6979.1","PL"
"idb.6981.6","BG"
"idb.6986.1","FI"
"idb.6988.f","EE"
"idb.7005.2","PL"
"idb.7010.6","IT"
"idb.70169.39","DE"
"idb.70207.32","AT"
"idb.7039.d","AT"
"idb.70465.30","RU"
"idb.7048.b","DK"
"idb.70738.3b","US"
"idb.7076.6","PL"
"idb.7080.f","ES"
"idb.7088.7","IE"
"idb.70909.37","GB"
"idb.71062.32","GB"
"idb.7107.1","GB"
"idb.7110.7","GB"
"idb.7122.6","HU"
"idb.7123.7","ET"
"idb.71248.38","DE"
"idb.71261.33","GB"
"idb.7130.5","TH"
"idb.7132.7","TH"
"idb.71377.35","DE"
"idb.7143.1","DK"
"idb.71433.32","SE"
"idb.7144.6","GR"
"idb.71441.37","IT"
"idb.71457.30","FR"
"idb.7149.b","RS"
"idb.71566.33","DE"
"idb.7157.4","PT"
"idb.7159.a","ES"
"idb.7177.6","NL"
"idb.7178.9","FR"
"idb.71869.31","NO"
"idb.7188.6","FR"
"idb.7198.7","FR"
"idb.72163.31","GB"
"idb.7220.7","MX"
"idb.72345.37","NL"
"idb.72383.3d","DK"
"idb.7240.1","IT"
"idb.72447.32","DE"
"idb.72503.33","PL"
"idb.7252.2","FR"
"idb.7266.5","HU"
"idb.7273.1","GB"
"idb.7280.d","DE"
"idb.72849.30","SE"
"idb.72859.31","FR"
"idb.72889.3c","DE"
"idb.72943.3b","FR"
"idb.7295.9","FI"
"idb.72960.3a","FR"
"idb.7307.3","DE"
"idb.7310.5","FR"
"idb.7311.4","PT"
"idb.73140.31","LU"
"idb.73177.35","IT"
"idb.7320.6","DK"
"idb.7324.2","DE"
"idb.7326.0","GB"
"idb.73263.33","GB"
"idb.7327.1","ZA"
"idb.7338.f","PT"
"idb.7340.0","GB"
"idb.7345.5","AR"
"idb.7354.5",""
"idb.7359.8","DE"
"idb.73596.3e","BE"
"idb.7362.0","GB"
"idb.7367.5","IT"
"idb.7372.1","GB"
"idb.7384.8","DE"
"idb.7399.4","RO"
"idb.7400.3","CH"
"idb.74030.30","GB"
"idb.74197.3c","FR"
"idb.7429.8","FR"
"idb.7436.6","IT"
"idb.7439.9","BE"
"idb.7443.4","TN"
"idb.7445.2","GB"
"idb.7450.6","DE"
"idb.7452.4","FR"
"idb.7459.f","FR"
"idb.7468.d","DE"
"idb.7489.2","IL"
"idb.7490.a","DE"
"idb.7491.b","DE"
"idb.7492.8","DE"
"idb.7497.d","DE"
"idb.75060.34","IT"
"idb.7520.0","AT"
"idb.75276.31","AT"
"idb.75316.36","DK"
"idb.75320.33","BE"
"idb.7543.5","SE"
"idb.7545.3","GB"
"idb.7546.0","GB"
"idb.7547.1","BE"
"idb.7548.e","IT"
"idb.75496.39","PT"
"idb.75499.36","AT"
"idb.7551.6","DE"
"idb.7555.2","DE"
"idb.7563.7","IT"
"idb.7572.7","FR"
"idb.7597.c","JP"
"idb.7604.5","FR"
"idb.7605.4","IT"
"idb.76054.30","DE"
"idb.76148.3c","GB"
"idb.7621.2","BW"
"idb.7628.b","GB"
"idb.7632.0","BR"
"idb.7634.6","SK"
"idb.7637.5","IT"
"idb.76381.3b","IT"
"idb.7644.1","IT"
"idb.7645.0","DE"
"idb.7660.7","PT"
"idb.7665.2","PT"
"idb.76703.35","GB"
"idb.7678.e","IT"
"idb.7683.a","DE"
"idb.7692.a","NL"
"idb.7697.f","DE"
"idb.76978.37","GB"
"idb.7700.0","DE"
"idb.7704.4","DE"
"idb.77048.3c","FR"
"idb.7719.8","ES"
"idb.77229.39","FR"
"idb.77237.36","RU"
"idb.77268.3c","RU"
"idb.7727.5","DE"
"idb.7728.a","GB"
"idb.7737.4","FI"
"idb.7752.7","DE"
"idb.7759.c","ES"
"idb.77602.34","RU"
"idb.77611.36","RU"
"idb.77612.35","RU"
"idb.7763.5","IT"
"idb.7778.f","IT"
"idb.7787.f","DE"
"idb.7789.1","BR"
"idb.78041.3a","BY"
"idb.7821.c","ES"
"idb.7831.d","PT"
"idb.7836.a","ZA"
"idb.7839.5","DE"
"idb.7840.b","ES"
"idb.7841.a","IT"
"idb.7849.2","FR"
"idb.78571.3c","RU"
"idb.7858.2","MK"
"idb.7861.8","NL"
"idb.7870.8","CL"
"idb.7872.a","IE"
"idb.78757.3a","UA"
"idb.7886.1","IE"
"idb.7889.e","CA"
"idb.7892.4","DE"
"idb.78989.37","US"
"idb.7901.f","FR"
"idb.7902.c","FR"
"idb.7907.9","FR"
"idb.79139.35","IT"
"idb.7914.b","NO"
"idb.7922.e","TH"
"idb.79330.3e","GB"
"idb.7942.8","BE"
"idb.7943.9","GB"
"idb.7945.f","IT"
"idb.79546.39","IT"
"idb.7960.8","SK"
"idb.7973.a","BE"
"idb.7988.e","PT"
"idb.80089.39","ES"
"idb.8048.4","ES"
"idb.8051.c",""
"idb.8073.c","ES"
"idb.8096.7","GB"
"idb.81167.39","ES"
"idb.8127.c","GR"
"idb.81292.30","FR"
"idb.8142.f","IT"
"idb.8148.5","SE"
"idb.8155.9","GB"
"idb.8158.4","IT"
"idb.81610.3e","FR"
"idb.8168.7","RO"
"idb.8171.f","VE"
"idb.8183.2","FR"
"idb.8186.7","GB"
"idb.8191.1","SN"
"idb.8193.3","TZ"
"idb.81938.3b","GB"
"idb.82064.38","DK"
"idb.8207.d","EE"
"idb.8217.c","IE"
"idb.8241.f","GB"
"idb.82418.37","NO"
"idb.8250.f","GB"
"idb.82625.3b","SE"
"idb.8271.c","CO"
"idb.8273.e","GB"
"idb.82861.35","RU"
"idb.82937.37","EE"
"idb.8295.6","MZ"
"idb.83033.3b","GB"
"idb.83136.3f","GB"
"idb.83388.38","FR"
"idb.83440.3b","GB"
"idb.8348.7","GB"
"idb.8356.8","GB"
"idb.8364.9","BE"
"idb.8365.8","FR"
"idb.8379.5","DE"
"idb.8385.6","DE"
"idb.8389.a",""
"idb.8390.2","FR"
"idb.8391.3","GB"
"idb.8393.1","ES"
"idb.8399.b","BR"
"idb.8401.d","DE"
"idb.8404.8","IT"
"idb.8430.f","BR"
"idb.8440.8","DE"
"idb.8453.a","FR"
"idb.8464.e","ES"
"idb.8465.f","DE"
"idb.8484.0","IT"
"idb.84884.38","GB"
"idb.84978.3a","IT"
"idb.8505.8","PL"
"idb.85084.31","US"
"idb.8509.4","IT"
"idb.8515.9","CH"
"idb.8534.a","CH"
"idb.8536.8","BR"
"idb.8547.e","CN"
"idb.8563.8","ES"
"idb.8570.a","ID"
"idb.8581.4","ES"
"idb.8585.0","PL"
"idb.85890.3c","GB"
"idb.8591.5","CH"
"idb.8647.d","SI"
"idb.8652.9","GH"
"idb.8653.8","NL"
"idb.8654.f","BE"
"idb.8657.c","FI"
"idb.8663.b","GR"
"idb.8664.c","DE"
"idb.8668.0","BE"
"idb.8669.1","FI"
"idb.86715.3d","CA"
"idb.8682.4","GB"
"idb.8684.2","AT"
"idb.8689.f","RU"
"idb.8750.a","GB"
"idb.8752.8","GB"
"idb.87551.3e","DE"
"idb.8756.c","GB"
"idb.8761.8","SE"
"idb.8767.e","BE"
"idb.8769.0","SK"
"idb.8784.3","NO"
"idb.8831.2","IT"
"idb.88379.3d","GB"
"idb.88406.32","DE"
"idb.8842.6","DE"
"idb.88605.33","IT"
"idb.8873.4","IT"
"idb.88785.3a","SE"
"idb.8905.4","CZ"
"idb.89073.35","IT"
"idb.89170.37","US"
"idb.89336.37","US"
"idb.89485.38","FR"
"idb.8953.7","BE"
"idb.8954.0","SI"
"idb.8970.6","FR"
"idb.8973.5","TN"
"idb.8974.2","ZA"
"idb.8982.b","IT"
"idb.8991.9","GB"
"idb.8993.b","SE"
"idb.8995.d","DK"
"idb.9001.8","US"
"idb.9002.b","US"
"idb.9004.d","GB"
"idb.9008.1","HU"
"idb.90141.3d","NL"
"idb.9018.0","DE"
"idb.9024.f","IT"
"idb.9026.d","DE"
"idb.9027.c","IT"
"idb.9031.b","DE"
"idb.9032.8","FR"
"idb.90405.38","GB"
"idb.90463.38","GB"
"idb.9067.8","GR"
"idb.90685.32","GB"
"idb.90731.3c","GB"
"idb.9077.9","ES"
"idb.90957.32","SE"
"idb.9116.f","PT"
"idb.9122.8","DE"
"idb.9132.9","CH"
"idb.9149.5","GR"
"idb.91503.3e","IT"
"idb.9156.b","FR"
"idb.9224.d","ES"
"idb.9227.e","CN"
"idb.9238.0","IT"
"idb.9253.d","ES"
"idb.9273.f","NO"
"idb.9285.6","PT"
"idb.9297.5","PT"
"idb.93223.39","GB"
"idb.9343.d","PT"
"idb.9344.a","IE"
"idb.93511.3f","DE"
"idb.93554.3e","IN"
"idb.9371.c","IT"
"idb.9390.3","DE"
"idb.94225.38","US"
"idb.9424.b","LT"
"idb.9435.b","GB"
"idb.94365.3d","US"
"idb.9464.f","DE"
"idb.9481.4","GB"
"idb.9486.3","MX"
"idb.9489.c","FR"
"idb.9499.d","AR"
"idb.95004.38","IE"
"idb.9531.e","GB"
"idb.9563.9","ES"
"idb.9594.1","GR"
"idb.9601.e","TR"
"idb.9612.c","ES"
"idb.9613.d","DE"
"idb.9619.7","IL"
"idb.9621.c","FR"
"idb.9647.c","DE"
"idb.9654.e","NZ"
"idb.9663.a","GE"
"idb.9668.1","FI"
"idb.9670.8","JO"
"idb.9679.1","HU"
"idb.9681.6","FI"
"idb.9689.e","GB"
"idb.9691.7","GB"
"idb.96913.34","NL"
"idb.9723.f","TH"
"idb.9757.c","GB"
"idb.9759.2","GB"
"idb.9764.c","GB"
"idb.97676.39","DE"
"idb.9783.5","CD"
"idb.9811.1","DE"
"idb.9835.7","GB"
"idb.9841.4","IT"
"idb.9845.0","LV"
"idb.9851.5","CH"
"idb.98622.37","TR"
"idb.98913.3a","US"
"idb.9906.6","IT"
"idb.9909.9","GB"
"idb.9918.9","GB"
"idb.9922.0","PL"
"idb.99308.3b","ES"
"idb.99536.30","IT"
"idb.9966.0","FR"
"idb.9970.7","AT"
"idb.9982.a","SK"
"idb.9983.b","PT"
"idb.9984.c","GB"
