"idb.10698.36","NC"
"idb.1108.8","CA"
"idb.1138.b","MI"
"idb.116068.8","MA"
"idb.1214.6","DC"
"idb.131063.6","IN"
"idb.133275.1","MD"
"idb.133342.4","CA"
"idb.1343.5","HI"
"idb.134563.6","AZ"
"idb.134907.8","NY"
"idb.134936.a","MO"
"idb.135519.a","TN"
"idb.135963.b","WY"
"idb.137628.9","NY"
"idb.14003.36","WI"
"idb.1403.6","MA"
"idb.142395.8","NY"
"idb.144532.5","MA"
"idb.145437.0","MD"
"idb.14617.35","DC"
"idb.147455.6","PA"
"idb.148313.c","NM"
"idb.152326.1","TN"
"idb.15276.37","FL"
"idb.152963.a","CA"
"idb.155203.0","CA"
"idb.155954.9","MD"
"idb.159523.9","MA"
"idb.16416.34","NY"
"idb.164295.d","MD"
"idb.164971.c","IL"
"idb.1658.a","WA"
"idb.166341.7","PA"
"idb.16693.3b","MA"
"idb.16694.3c","MA"
"idb.167436.1","NH"
"idb.16750.35","NJ"
"idb.16753.36","IL"
"idb.168010.e","CA"
"idb.168645.8","MA"
"idb.169077.e","IN"
"idb.170202.6","OR"
"idb.170205.1","IL"
"idb.170430.1","FL"
"idb.170693.a","FL"
"idb.17088.36","MI"
"idb.174798.4","TX"
"idb.175455.7","AK"
"idb.17635.36","MN"
"idb.176535.3","MA"
"idb.176731.5","TX"
"idb.17866.3e","CA"
"idb.17867.3f","MA"
"idb.182981.b","OR"
"idb.183006.c","NY"
"idb.183329.2","MD"
"idb.184764.8","ID"
"idb.184769.5","CA"
"idb.185006.a","CA"
"idb.185107.a","CA"
"idb.185648.6","IL"
"idb.185669.5","CA"
"idb.186587.5","CA"
"idb.187073.a","IL"
"idb.187082.4","TX"
"idb.189504.1","MA"
"idb.189509.c","NC"
"idb.189747.4","NY"
"idb.189967.8","GA"
"idb.19006.3e","CA"
"idb.190697.0","MO"
"idb.192673.8","CA"
"idb.194632.b","AR"
"idb.19908.39","MA"
"idb.201075.1","MD"
"idb.201076.2","NY"
"idb.201894.6","TX"
"idb.202665.5","NY"
"idb.20431.34","RI"
"idb.20505.32","CA"
"idb.205975.c","CA"
"idb.20627.31","OH"
"idb.208078.5","CT"
"idb.208226.c","MA"
"idb.208516.8","NC"
"idb.20861.3d","CA"
"idb.209665.e","NM"
"idb.21106.34","ME"
"idb.21107.35","MD"
"idb.211367.0","CA"
"idb.212340.6","NY"
"idb.213876.9","GA"
"idb.213902.b","CA"
"idb.213910.8","KY"
"idb.213917.f","GA"
"idb.214007.0","CA"
"idb.214409.a","KY"
"idb.214431.1","MD"
"idb.214458.e","MI"
"idb.214572.7","IA"
"idb.215352.2","TX"
"idb.215654.1","AZ"
"idb.217156.6","CA"
"idb.217192.e","NJ"
"idb.217197.b","NC"
"idb.217200.6","CA"
"idb.21729.3f","NY"
"idb.217303.4","CA"
"idb.217309.e","NJ"
"idb.218187.5","NJ"
"idb.21925.3d","PA"
"idb.21940.3e","TX"
"idb.220562.1","DC"
"idb.223827.e","UT"
"idb.224260.0","VA"
"idb.22448.38","VA"
"idb.225262.3","MA"
"idb.225279.9","TN"
"idb.2294.d","IA"
"idb.233134.4","PA"
"idb.236631.3","AL"
"idb.236813.d","CA"
"idb.236815.b","CA"
"idb.237222.4","CA"
"idb.237416.5","DC"
"idb.237732.0","MI"
"idb.238252.c","WA"
"idb.238329.1","MD"
"idb.238434.a","NJ"
"idb.238456.e","NM"
"idb.238477.d","NY"
"idb.238491.5","NY"
"idb.238616.8","OK"
"idb.238667.e","OK"
"idb.238692.4","OR"
"idb.238728.4","PA"
"idb.238801.0","WA"
"idb.239064.a","TX"
"idb.239102.b","CO"
"idb.239119.1","DC"
"idb.239134.e","DC"
"idb.239157.b","DC"
"idb.239186.7","DC"
"idb.239276.b","PA"
"idb.239281.3","DE"
"idb.239305.e","AR"
"idb.239357.9","MI"
"idb.239359.7","MO"
"idb.239362.f","CA"
"idb.239395.7","MA"
"idb.239424.a","MA"
"idb.239475.e","MA"
"idb.239494.1","NC"
"idb.239546.f","CA"
"idb.239552.a","PA"
"idb.239553.b","PA"
"idb.239558.0","IL"
"idb.239559.1","MO"
"idb.239560.b","DC"
"idb.239573.9","OH"
"idb.239578.2","OH"
"idb.239585.0","NY"
"idb.239638.5","CO"
"idb.239791.7","NY"
"idb.239835.6","NJ"
"idb.239838.b","PA"
"idb.239864.2","MI"
"idb.239915.5","NY"
"idb.240023.7","MD"
"idb.240145.6","TX"
"idb.240160.1","ME"
"idb.240206.2","MA"
"idb.240223.5","RI"
"idb.240243.3","TX"
"idb.240267.5","RI"
"idb.240283.f","NY"
"idb.240324.3","NY"
"idb.240341.0","CO"
"idb.240372.0","IL"
"idb.240382.f","NY"
"idb.240416.5","LA"
"idb.240473.6","PA"
"idb.240531.1","OR"
"idb.240588.3","RI"
"idb.240606.6","RI"
"idb.240614.5","NY"
"idb.240684.c","IL"
"idb.240723.0","ND"
"idb.240736.4","TX"
"idb.240741.4","WA"
"idb.240841.b","MN"
"idb.240845.f","MA"
"idb.240866.e","AZ"
"idb.240871.8","TN"
"idb.240873.a","NY"
"idb.240952.8","CA"
"idb.241014.2","OH"
"idb.241054.6","AR"
"idb.241104.2","OH"
"idb.241116.1","CO"
"idb.241121.5","MD"
"idb.241128.c","TN"
"idb.241167.7","NC"
"idb.241223.4","RI"
"idb.241525.5","DC"
"idb.241568.c","MI"
"idb.241888.f","PA"
"idb.241963.b","NY"
"idb.242287.9","CA"
"idb.242678.d","CA"
"idb.242769.c","PA"
"idb.243035.3","IL"
"idb.243289.6","CA"
"idb.243741.7","CO"
"idb.243789.3","NY"
"idb.243983.7","CA"
"idb.244026.6","NY"
"idb.244124.5","OR"
"idb.24434.35","NE"
"idb.244394.c","CA"
"idb.244424.0","MN"
"idb.245075.1","OH"
"idb.245112.1","MD"
"idb.245196.d","CO"
"idb.245835.d","NC"
"idb.245849.6","MA"
"idb.246210.3","NJ"
"idb.246886.6","DC"
"idb.246916.e","CA"
"idb.247550.1","PA"
"idb.247980.0","CT"
"idb.24805.3b","NM"
"idb.248193.5","AZ"
"idb.248232.d","AZ"
"idb.24827.3b","OH"
"idb.248465.9","MA"
"idb.248592.0","CT"
"idb.248609.1","CT"
"idb.248698.9","CA"
"idb.248717.f","FL"
"idb.248907.0","CA"
"idb.249225.a","HI"
"idb.249317.a","FL"
"idb.249318.5","FL"
"idb.249335.a","PA"
"idb.249430.8","FL"
"idb.249445.a","CT"
"idb.249447.8","NY"
"idb.249482.1","CA"
"idb.249878.8","CA"
"idb.249880.f","ME"
"idb.250008.f","CA"
"idb.250060.1","LA"
"idb.250078.8","MO"
"idb.250107.1","CA"
"idb.250221.6","PA"
"idb.250230.6","ME"
"idb.250263.0","NY"
"idb.250279.b","MA"
"idb.250415.7","NY"
"idb.250491.b","WA"
"idb.250514.7","LA"
"idb.250540.6","NY"
"idb.250671.7","CA"
"idb.250699.1","UT"
"idb.250741.5","CA"
"idb.250747.3","NY"
"idb.250775.2","AL"
"idb.250820.d","MO"
"idb.250889.e","TX"
"idb.250903.d","NY"
"idb.250942.8","AZ"
"idb.250945.f","NY"
"idb.251017.0","MI"
"idb.251030.5","VA"
"idb.251043.1","NY"
"idb.251075.4","PA"
"idb.251079.8","MA"
"idb.251313.7","MS"
"idb.2515.3","MA"
"idb.251612.3","MO"
"idb.251705.4","TX"
"idb.251779.f","CO"
"idb.251789.0","NY"
"idb.251844.e","GA"
"idb.251973.b","AL"
"idb.251976.e","AL"
"idb.251984.3","AK"
"idb.251989.e","NY"
"idb.251990.6","GA"
"idb.251993.5","NY"
"idb.252000.5","MI"
"idb.252003.6","MS"
"idb.252018.c","NY"
"idb.252039.f","PA"
"idb.252042.3","SC"
"idb.252048.9","CA"
"idb.252049.8","MI"
"idb.252152.3","MA"
"idb.252169.b","AL"
"idb.252194.9","IN"
"idb.252222.7","MI"
"idb.252227.2","TX"
"idb.252289.6","OH"
"idb.252292.c","NH"
"idb.252323.7","NC"
"idb.252353.0","PA"
"idb.252363.3","CA"
"idb.252381.f","AR"
"idb.252383.d","AR"
"idb.252390.f","GA"
"idb.252443.6","OH"
"idb.252447.2","GA"
"idb.252535.6","GA"
"idb.252545.1","AL"
"idb.252546.2","AL"
"idb.252549.d","MN"
"idb.252550.5","GA"
"idb.252555.0","SD"
"idb.252563.5","IL"
"idb.252567.1","TN"
"idb.252626.7","MO"
"idb.252657.1","CA"
"idb.252735.4","KS"
"idb.252749.f","OH"
"idb.252754.3","IN"
"idb.252838.6","NY"
"idb.252846.f","NY"
"idb.252853.b","FL"
"idb.252858.0","NY"
"idb.252865.e","WA"
"idb.252873.9","ME"
"idb.252888.d","TX"
"idb.252890.4","TX"
"idb.252934.b","KY"
"idb.252942.a","TN"
"idb.252943.b","WI"
"idb.252944.c","MN"
"idb.252950.9","IL"
"idb.252968.2","MA"
"idb.252972.9","KY"
"idb.252994.1","KS"
"idb.253005.1","MN"
"idb.253006.2","TN"
"idb.253009.d","FL"
"idb.253081.d","NY"
"idb.253109.c","AL"
"idb.253147.6","SD"
"idb.253165.6","PA"
"idb.253205.3","NY"
"idb.253225.1","MA"
"idb.253228.c","MA"
"idb.253245.7","ME"
"idb.253246.4","MD"
"idb.253248.a","OH"
"idb.253259.a","IL"
"idb.253264.4","MA"
"idb.253277.6","GA"
"idb.253291.e","VA"
"idb.253292.d","MA"
"idb.253294.b","UT"
"idb.253295.a","HI"
"idb.253355.7","PA"
"idb.253363.2","PA"
"idb.253378.8","IA"
"idb.253379.9","NY"
"idb.253419.8","IN"
"idb.253482.a","NY"
"idb.253542.7","CA"
"idb.253546.3","CA"
"idb.253547.2","CA"
"idb.253552.6","CA"
"idb.253553.7","CA"
"idb.253554.0","CA"
"idb.253555.1","CA"
"idb.253556.2","CA"
"idb.253557.3","CA"
"idb.253558.c","CA"
"idb.253559.d","CA"
"idb.253561.6","CA"
"idb.253562.5","CA"
"idb.253563.4","CA"
"idb.253564.3","CA"
"idb.253565.2","CA"
"idb.253566.1","CA"
"idb.253567.0","CA"
"idb.253569.e","PA"
"idb.253573.5","MI"
"idb.253592.a","OK"
"idb.253606.4","NC"
"idb.253613.0","MT"
"idb.253615.6","DC"
"idb.253641.7","NY"
"idb.253664.0","OH"
"idb.253679.c","WI"
"idb.253692.9","MN"
"idb.253703.0","PA"
"idb.253718.a","MT"
"idb.253721.0","WI"
"idb.253836.9","MO"
"idb.253856.f","MI"
"idb.253893.6","OH"
"idb.253922.d","PR"
"idb.253923.c","WA"
"idb.253990.4","HI"
"idb.254024.5","CA"
"idb.254041.6","CA"
"idb.254055.3","SC"
"idb.254107.5","PA"
"idb.254130.1","IL"
"idb.254189.3","NC"
"idb.254204.5","TN"
"idb.254213.3","VA"
"idb.254250.4","NY"
"idb.254251.5","CA"
"idb.254270.6","SC"
"idb.254271.7","CA"
"idb.254272.4","CA"
"idb.254274.2","PA"
"idb.254275.3","GA"
"idb.254277.1","MA"
"idb.254278.e","IA"
"idb.254280.9","NY"
"idb.254286.f","GA"
"idb.254293.b","OH"
"idb.254298.0","OH"
"idb.254313.2","SC"
"idb.254321.3","IA"
"idb.254333.0","ME"
"idb.254361.7","NY"
"idb.254424.1","SC"
"idb.254444.7","MI"
"idb.254462.3","ID"
"idb.254498.6","NY"
"idb.254509.f","OH"
"idb.254514.3","MA"
"idb.254544.6","CO"
"idb.254549.b","CO"
"idb.254551.2","CO"
"idb.254567.7","SC"
"idb.254590.f","GA"
"idb.254656.6","CT"
"idb.254672.0","NY"
"idb.254690.c","IA"
"idb.254748.8","NE"
"idb.254833.b","SD"
"idb.254880.3","NH"
"idb.254902.8","NC"
"idb.254920.8","IL"
"idb.254921.9","IN"
"idb.254989.b","DE"
"idb.255007.5","MS"
"idb.255014.7","OH"
"idb.255049.f","IA"
"idb.255086.c","PA"
"idb.255097.c","LA"
"idb.255185.e","NY"
"idb.255228.a","IA"
"idb.255236.5","NJ"
"idb.255244.0","MO"
"idb.255272.5","PA"
"idb.255360.7","IN"
"idb.255364.3","NC"
"idb.255368.f","OK"
"idb.255375.3","GA"
"idb.255381.8","TN"
"idb.255383.a","TX"
"idb.255392.a","IL"
"idb.255395.d","KY"
"idb.255399.1","MI"
"idb.255405.3","MA"
"idb.255406.0","NM"
"idb.255407.1","OR"
"idb.255414.3","VA"
"idb.255416.1","WA"
"idb.255423.7","FL"
"idb.255437.2","PA"
"idb.255485.b","NC"
"idb.255496.9","NC"
"idb.255501.6","FL"
"idb.255525.0","KS"
"idb.255794.8","CT"
"idb.255802.8","NJ"
"idb.255852.d","NC"
"idb.255908.3","MI"
"idb.255935.d","TN"
"idb.255936.e","MA"
"idb.255938.0","CA"
"idb.255948.7","FL"
"idb.255951.f","FL"
"idb.255962.f","FL"
"idb.255966.b","FL"
"idb.255983.0","FL"
"idb.255986.5","FL"
"idb.256023.0","NY"
"idb.256032.0","KS"
"idb.256033.1","CO"
"idb.256036.4","GA"
"idb.256058.c","SC"
"idb.256069.e","PA"
"idb.256075.3","MA"
"idb.256096.e","KS"
"idb.256103.3","MD"
"idb.25611.31","NC"
"idb.256130.3","SC"
"idb.256175.2","DC"
"idb.256198.1","PA"
"idb.256281.a","VA"
"idb.256284.f","GA"
"idb.256302.0","GA"
"idb.256304.6","GA"
"idb.256322.2","PA"
"idb.256410.4","WA"
"idb.256425.2","MD"
"idb.256514.1","IL"
"idb.256545.5","LA"
"idb.256549.9","MI"
"idb.256592.f","IA"
"idb.256667.6","MN"
"idb.256766.6","NY"
"idb.256769.9","MN"
"idb.256771.0","VA"
"idb.256772.3","MA"
"idb.256774.5","VA"
"idb.256856.a","MA"
"idb.256859.5","CA"
"idb.256868.7","PA"
"idb.256928.2","AR"
"idb.257013.2","OH"
"idb.257037.4","NY"
"idb.257060.6","NY"
"idb.257108.9","MI"
"idb.257127.4","DC"
"idb.257157.3","CA"
"idb.257167.0","NY"
"idb.257296.d","ID"
"idb.257310.2","IL"
"idb.257312.0","IL"
"idb.257409.d","IN"
"idb.257410.5","IN"
"idb.257411.4","IN"
"idb.257413.6","IN"
"idb.257415.0","IN"
"idb.257681.f","PR"
"idb.257949.4","NY"
"idb.257990.0","MS"
"idb.257991.1","TN"
"idb.257992.2","AL"
"idb.257993.3","FL"
"idb.258041.a","VA"
"idb.258192.5","OH"
"idb.258202.f","NY"
"idb.258223.c","NC"
"idb.258264.f","PA"
"idb.258346.e","MI"
"idb.258410.a","KS"
"idb.258471.d","NJ"
"idb.258509.3","GA"
"idb.258518.3","OH"
"idb.258525.d","KY"
"idb.258527.f","KY"
"idb.258533.a","OH"
"idb.258550.f","MI"
"idb.258643.e","IL"
"idb.258644.9","TN"
"idb.258769.7","PA"
"idb.25879.31","PA"
"idb.258857.5","PA"
"idb.258879.9","PA"
"idb.258894.a","IL"
"idb.258898.6","MI"
"idb.258921.5","TX"
"idb.258945.7","OK"
"idb.258979.8","MI"
"idb.258980.e","WI"
"idb.258985.b","TN"
"idb.258986.8","TX"
"idb.259009.7","PA"
"idb.259029.5","PA"
"idb.259030.d","NY"
"idb.259040.a","FL"
"idb.259045.f","MA"
"idb.259053.8","OR"
"idb.259056.d","IL"
"idb.259104.b","OR"
"idb.259143.8","CA"
"idb.259178.0","CA"
"idb.259180.7","NY"
"idb.259181.6","NY"
"idb.259184.3","IA"
"idb.259234.b","LA"
"idb.259237.8","LA"
"idb.259256.f","CA"
"idb.259262.8","MD"
"idb.259263.9","LA"
"idb.259382.7","MN"
"idb.259478.5","IA"
"idb.259586.5","NY"
"idb.259614.d","PA"
"idb.259649.5","OH"
"idb.259659.4","NY"
"idb.259670.f","WI"
"idb.259676.9","WV"
"idb.259700.9","VA"
"idb.259805.3","LA"
"idb.259828.c","SC"
"idb.259870.1","TN"
"idb.259906.1","GA"
"idb.259907.0","GA"
"idb.259939.d","CO"
"idb.259956.4","OH"
"idb.259979.9","MI"
"idb.260001.5","TN"
"idb.260002.6","VT"
"idb.260023.5","TX"
"idb.260024.2","AZ"
"idb.260049.9","PA"
"idb.260053.2","IL"
"idb.260055.4","CA"
"idb.260056.7","MS"
"idb.260064.6","WI"
"idb.260088.4","MN"
"idb.260089.5","MN"
"idb.26009.3d","NC"
"idb.260096.b","ND"
"idb.260118.c","MS"
"idb.260120.7","MS"
"idb.260122.5","MS"
"idb.260126.1","MO"
"idb.260128.f","MO"
"idb.260130.6","MO"
"idb.260183.e","IL"
"idb.260185.8","NJ"
"idb.260198.4","MT"
"idb.260201.7","NJ"
"idb.260234.1","KY"
"idb.260235.0","GA"
"idb.260238.d","MD"
"idb.260293.c","MA"
"idb.260334.0","PA"
"idb.260369.8","OH"
"idb.260812.f","NE"
"idb.260894.1","NJ"
"idb.260896.3","NJ"
"idb.260899.c","NM"
"idb.26090.3d","SC"
"idb.260911.d","NY"
"idb.260912.e","NY"
"idb.260914.8","NY"
"idb.260917.b","NY"
"idb.260955.d","NY"
"idb.260957.f","LA"
"idb.261024.3","VA"
"idb.261037.1","NC"
"idb.261038.e","NC"
"idb.261055.5","ND"
"idb.261103.7","OH"
"idb.261108.c","IL"
"idb.261110.5","OK"
"idb.261112.7","MA"
"idb.261120.6","AZ"
"idb.261128.e","IL"
"idb.261132.5","KY"
"idb.261138.f","MI"
"idb.261174.7","MO"
"idb.261175.6","ID"
"idb.261189.5","OK"
"idb.261192.f","LA"
"idb.261219.f","VT"
"idb.261241.2","FL"
"idb.261277.7","MI"
"idb.261284.b","OH"
"idb.261323.7","OH"
"idb.261331.4","OH"
"idb.261343.1","OH"
"idb.261367.7","OK"
"idb.261368.8","VA"
"idb.261419.9","OK"
"idb.261432.0","OR"
"idb.261485.c","OH"
"idb.261504.4","TX"
"idb.261572.5","NY"
"idb.261584.c","WA"
"idb.261593.a","OR"
"idb.261815.9","PA"
"idb.261833.d","CA"
"idb.261870.a","PA"
"idb.261915.8","KS"
"idb.261928.6","NH"
"idb.261930.f","CA"
"idb.261952.b","NY"
"idb.262007.1","CA"
"idb.262009.f","PR"
"idb.262074.5","OR"
"idb.262075.4","OR"
"idb.262103.4","TX"
"idb.262107.0","NY"
"idb.262140.3","MD"
"idb.262273.0","NY"
"idb.262276.5","NY"
"idb.262333.5","VA"
"idb.262455.2","VA"
"idb.262516.4","CO"
"idb.262539.9","RI"
"idb.262541.6","TN"
"idb.262550.6","NJ"
"idb.262557.1","NJ"
"idb.262602.2","NJ"
"idb.262613.2","NY"
"idb.262620.2","MO"
"idb.262627.5","RI"
"idb.262633.0","FL"
"idb.262640.4","IL"
"idb.262641.5","IL"
"idb.262642.6","IN"
"idb.262649.d","FL"
"idb.262671.6","NJ"
"idb.262743.6","IL"
"idb.262863.b","NY"
"idb.262900.f","CT"
"idb.262914.a","MI"
"idb.262933.f","IA"
"idb.262940.b","PA"
"idb.262952.8","PA"
"idb.262962.b","MO"
"idb.262969.0","MO"
"idb.262981.6","MN"
"idb.262986.1","VT"
"idb.262999.f","NJ"
"idb.263037.3","MD"
"idb.263038.c","MT"
"idb.263046.5","TX"
"idb.263081.e","CA"
"idb.263091.f","CA"
"idb.263156.5","CA"
"idb.263175.4","NY"
"idb.263219.d","GA"
"idb.263224.3","GA"
"idb.263305.1","WA"
"idb.263306.2","WA"
"idb.263379.a","NJ"
"idb.263467.2","NC"
"idb.263520.0","PA"
"idb.263614.4","NY"
"idb.263650.4","IA"
"idb.263652.6","OH"
"idb.263708.8","GA"
"idb.263717.6","PA"
"idb.263724.6","MA"
"idb.263759.c","CA"
"idb.263782.a","SC"
"idb.263790.9","SD"
"idb.263791.8","SD"
"idb.263825.8","MO"
"idb.263831.d","LA"
"idb.263832.e","OK"
"idb.263834.8","FL"
"idb.263837.b","AR"
"idb.263848.3","CT"
"idb.263856.c","IL"
"idb.263857.d","IL"
"idb.263864.d","TX"
"idb.263870.8","OR"
"idb.263872.a","GA"
"idb.263880.7","LA"
"idb.263883.4","LA"
"idb.263886.1","UT"
"idb.263922.e","OK"
"idb.263923.f","OR"
"idb.263924.8","TX"
"idb.263934.9","GA"
"idb.263944.e","MA"
"idb.264034.7","NC"
"idb.264038.b","NY"
"idb.264047.3","MN"
"idb.264091.8","NY"
"idb.264119.9","NY"
"idb.264141.4","TX"
"idb.264154.0","MN"
"idb.264257.0","NY"
"idb.264260.4","NY"
"idb.264262.6","NY"
"idb.264266.2","NY"
"idb.264268.c","NY"
"idb.264269.d","NY"
"idb.264270.5","NY"
"idb.264271.4","NY"
"idb.264272.7","NY"
"idb.264273.6","NY"
"idb.264274.1","NY"
"idb.264275.0","NY"
"idb.264276.3","NY"
"idb.264303.0","TX"
"idb.264307.4","FL"
"idb.264352.4","MA"
"idb.264359.f","TX"
"idb.264414.1","PA"
"idb.264430.7","PA"
"idb.264440.0","VA"
"idb.264484.8","NY"
"idb.264500.5","NJ"
"idb.264601.7","TX"
"idb.264622.6","IN"
"idb.264626.2","NY"
"idb.264727.2","PA"
"idb.264730.4","PA"
"idb.264737.3","TN"
"idb.264754.6","TX"
"idb.264755.7","TX"
"idb.264756.4","TX"
"idb.264758.a","TX"
"idb.264759.b","TX"
"idb.264760.1","TX"
"idb.264763.2","TX"
"idb.264766.7","TX"
"idb.264771.1","TX"
"idb.264772.2","TX"
"idb.264784.b","TX"
"idb.264797.9","TX"
"idb.264889.9","VA"
"idb.264899.8","WA"
"idb.264933.9","NY"
"idb.264981.0","TX"
"idb.264999.9","PA"
"idb.265008.9","PA"
"idb.265009.8","KY"
"idb.265109.9","MS"
"idb.265117.6","CA"
"idb.265118.9","NJ"
"idb.265122.0","MD"
"idb.265150.5","IN"
"idb.265158.d","CT"
"idb.265172.5","TX"
"idb.265193.a","MO"
"idb.265215.7","MA"
"idb.265219.b","LA"
"idb.265253.5","AL"
"idb.265436.0","MA"
"idb.265438.e","NY"
"idb.265457.7","CO"
"idb.265465.6","MD"
"idb.265544.4","PR"
"idb.265850.c","NY"
"idb.265881.0","OH"
"idb.265886.7","AL"
"idb.265892.2","AL"
"idb.265893.3","AL"
"idb.265894.4","AK"
"idb.265896.6","AK"
"idb.265948.4","AZ"
"idb.265960.e","AR"
"idb.265963.d","AR"
"idb.266050.7","CT"
"idb.266093.8","CA"
"idb.266096.d","CA"
"idb.266097.c","CA"
"idb.266100.3","CA"
"idb.266102.1","CA"
"idb.266128.9","AR"
"idb.266150.6","MO"
"idb.266151.7","OK"
"idb.266186.d","CO"
"idb.266190.a","CO"
"idb.266198.2","CT"
"idb.266229.b","TX"
"idb.266231.2","OH"
"idb.266239.a","CO"
"idb.266243.7","MI"
"idb.266309.8","IN"
"idb.266333.1","FL"
"idb.266410.7","GU"
"idb.266419.e","CT"
"idb.266421.5","HI"
"idb.266426.2","HI"
"idb.266436.3","TX"
"idb.266456.5","ID"
"idb.266464.4","IL"
"idb.266515.3","KS"
"idb.266539.d","KY"
"idb.266583.c","CA"
"idb.266621.7","LA"
"idb.266622.4","LA"
"idb.266623.5","KY"
"idb.266624.2","KY"
"idb.266648.8","ME"
"idb.266669.b","ND"
"idb.266671.2","VA"
"idb.266673.0","MD"
"idb.266678.b","MD"
"idb.266683.f","MA"
"idb.266684.8","MA"
"idb.266685.9","MA"
"idb.266686.a","MA"
"idb.266712.6","TN"
"idb.266744.5","MN"
"idb.266746.7","MN"
"idb.266754.4","MS"
"idb.266756.6","MO"
"idb.266757.7","MO"
"idb.266759.9","MO"
"idb.266787.a","AL"
"idb.266813.8","NE"
"idb.266814.f","NE"
"idb.266815.e","NE"
"idb.266818.3","NV"
"idb.266826.e","ME"
"idb.266831.8","CT"
"idb.266832.b","NM"
"idb.266834.d","NM"
"idb.266835.c","LA"
"idb.266853.c","NC"
"idb.266856.9","NC"
"idb.266859.6","NC"
"idb.266860.c","NC"
"idb.266861.d","NC"
"idb.266862.e","ND"
"idb.266865.9","FL"
"idb.266869.5","TX"
"idb.266871.c","TX"
"idb.266877.a","CO"
"idb.266878.5","IA"
"idb.266900.b","OK"
"idb.266902.9","OK"
"idb.266998.a","PA"
"idb.267012.0","OR"
"idb.267033.3","PR"
"idb.267037.7","PR"
"idb.267039.9","PR"
"idb.267044.3","PR"
"idb.267047.0","WA"
"idb.267057.1","CA"
"idb.267065.0","VA"
"idb.267102.0","CA"
"idb.267103.1","CA"
"idb.267119.a","OK"
"idb.267131.0","PA"
"idb.267149.f","SD"
"idb.267153.4","AL"
"idb.267161.5","SC"
"idb.267169.d","SD"
"idb.267188.2","IN"
"idb.267189.3","ME"
"idb.267193.8","MS"
"idb.267207.6","MN"
"idb.267280.9","FL"
"idb.267301.1","TN"
"idb.267302.2","TN"
"idb.267303.3","TN"
"idb.267304.4","TN"
"idb.267305.5","TN"
"idb.267307.7","TX"
"idb.267308.8","TX"
"idb.267309.9","TX"
"idb.267310.1","TX"
"idb.267313.2","TX"
"idb.267315.4","TX"
"idb.267323.1","TX"
"idb.267324.6","TX"
"idb.267327.5","TX"
"idb.267337.4","OH"
"idb.267360.6","OK"
"idb.267362.4","PR"
"idb.267374.3","UT"
"idb.267430.4","WA"
"idb.267436.2","FL"
"idb.267437.3","GA"
"idb.267460.1","WI"
"idb.267462.3","WI"
"idb.267468.9","WI"
"idb.267474.4","WI"
"idb.267475.5","WI"
"idb.267476.6","WI"
"idb.267478.8","WI"
"idb.267479.9","WI"
"idb.267480.f","WI"
"idb.267481.e","WI"
"idb.267484.b","WI"
"idb.267488.7","WI"
"idb.267550.3","DC"
"idb.267572.3","TX"
"idb.267585.b","CA"
"idb.267627.0","PA"
"idb.267628.f","TN"
"idb.267667.4","PA"
"idb.267677.5","UT"
"idb.267736.1","GA"
"idb.267748.8","IN"
"idb.267767.5","TN"
"idb.267778.b","NY"
"idb.267871.d","PA"
"idb.267893.1","VA"
"idb.267895.7","VA"
"idb.26790.3a","FL"
"idb.267925.d","WI"
"idb.267972.f","NC"
"idb.268019.4","KS"
"idb.268040.8","MO"
"idb.268042.a","VA"
"idb.268066.c","MI"
"idb.268072.9","UT"
"idb.268073.8","MO"
"idb.268082.6","NY"
"idb.268091.4","MA"
"idb.268117.b","CT"
"idb.268132.c","PA"
"idb.268149.0","TX"
"idb.268154.c","WV"
"idb.268160.b","WV"
"idb.268170.a","NC"
"idb.268180.5","MI"
"idb.268184.1","KY"
"idb.268187.2","MI"
"idb.268191.5","MA"
"idb.268192.6","NM"
"idb.268193.7","OK"
"idb.268194.0","OR"
"idb.268203.d","CA"
"idb.268217.8","CA"
"idb.268232.f","WV"
"idb.268242.8","WA"
"idb.268244.e","WA"
"idb.268246.c","KS"
"idb.268247.d","PA"
"idb.268249.3","OH"
"idb.268256.d","PA"
"idb.268257.c","OR"
"idb.268271.8","NJ"
"idb.268273.a","MO"
"idb.268275.c","MA"
"idb.268282.4","DE"
"idb.268283.5","PA"
"idb.268293.4","MN"
"idb.268294.3","NC"
"idb.268295.2","SC"
"idb.268302.d","OH"
"idb.268323.e","MA"
"idb.268324.9","MA"
"idb.268333.f","OH"
"idb.268352.8","OH"
"idb.268355.f","LA"
"idb.268433.8","NY"
"idb.268467.9","OH"
"idb.269823.4","NY"
"idb.270056.6","CA"
"idb.270240.3","WA"
"idb.270301.7","MA"
"idb.272110.7","WA"
"idb.27235.31","TX"
"idb.272362.0","NV"
"idb.272364.6","MA"
"idb.272799.0","CA"
"idb.272976.f","CA"
"idb.27324.30","DC"
"idb.273271.2","RI"
"idb.273335.3","NY"
"idb.273382.f","WA"
"idb.273406.4","MA"
"idb.274058.c","DE"
"idb.274177.0","PA"
"idb.274264.1","OK"
"idb.274295.f","NY"
"idb.274356.1","WA"
"idb.274506.2","VA"
"idb.275752.0","DC"
"idb.276773.0","NY"
"idb.276808.3","MA"
"idb.277313.3","CT"
"idb.27755.32","VA"
"idb.277695.8","MO"
"idb.277812.9","MA"
"idb.278125.b","NY"
"idb.278167.d","CA"
"idb.27860.3b","CA"
"idb.27873.39","WA"
"idb.279863.1","LA"
"idb.279885.9","MD"
"idb.279923.4","NY"
"idb.279946.7","CA"
"idb.279979.b","MD"
"idb.279981.c","MD"
"idb.280030.9","MD"
"idb.280051.e","RI"
"idb.280062.e","CA"
"idb.280122.b","CA"
"idb.280128.1","MD"
"idb.280205.d","MD"
"idb.280243.f","WA"
"idb.280246.a","WI"
"idb.280247.b","MD"
"idb.280248.4","MN"
"idb.280253.e","PA"
"idb.280268.6","CO"
"idb.280273.c","OR"
"idb.280279.6","MD"
"idb.280285.5","MD"
"idb.280289.9","ME"
"idb.280299.8","MA"
"idb.280302.b","IA"
"idb.280310.8","CT"
"idb.280313.b","VA"
"idb.280316.e","AZ"
"idb.280319.1","MA"
"idb.280326.d","UT"
"idb.280332.8","OR"
"idb.280333.9","MD"
"idb.280334.e","CA"
"idb.280335.f","TX"
"idb.280336.c","RI"
"idb.280337.d","HI"
"idb.280345.8","TN"
"idb.280347.a","MD"
"idb.280350.c","WV"
"idb.280360.f","OH"
"idb.280361.e","MO"
"idb.280362.d","IL"
"idb.280365.a","PA"
"idb.280376.8","KY"
"idb.280384.5","ID"
"idb.280387.6","MA"
"idb.280390.0","WA"
"idb.280395.5","LA"
"idb.280396.6","AK"
"idb.280401.f","NM"
"idb.280409.7","MS"
"idb.280411.e","IN"
"idb.280412.d","PR"
"idb.280415.a","WY"
"idb.280417.8","NE"
"idb.280418.7","IL"
"idb.280421.d","MD"
"idb.280427.b","WI"
"idb.280428.4","CA"
"idb.280429.5","KS"
"idb.280432.f","MA"
"idb.280434.9","MD"
"idb.280457.c","ND"
"idb.280460.8","MA"
"idb.280469.1","IL"
"idb.280471.8","SC"
"idb.280472.b","CA"
"idb.280499.e","PR"
"idb.280502.d","CA"
"idb.280503.c","NM"
"idb.280512.c","PA"
"idb.280514.a","SD"
"idb.280535.9","IL"
"idb.280536.a","VT"
"idb.280537.b","CA"
"idb.280557.d","CA"
"idb.280558.2","GA"
"idb.280559.3","AR"
"idb.280560.9","MA"
"idb.280561.8","MD"
"idb.280571.9","IL"
"idb.280577.f","VI"
"idb.280587.0","NY"
"idb.280592.4","OR"
"idb.280596.0","CT"
"idb.280601.d","MN"
"idb.280616.b","MO"
"idb.280625.b","MN"
"idb.280635.a","CA"
"idb.280639.6","PA"
"idb.280642.a","MA"
"idb.280644.c","SC"
"idb.280646.e","WA"
"idb.280661.b","TX"
"idb.280662.8","IL"
"idb.280664.e","NC"
"idb.280669.3","CA"
"idb.280670.b","MN"
"idb.280671.a","MA"
"idb.280673.8","PA"
"idb.280676.d","MD"
"idb.280678.3","NY"
"idb.280682.6","TX"
"idb.280695.0","PA"
"idb.280698.d","MD"
"idb.280699.c","WA"
"idb.280700.d","NH"
"idb.280711.d","MD"
"idb.280713.f","NY"
"idb.280718.4","WI"
"idb.280732.c","OK"
"idb.280735.b","MA"
"idb.280736.8","OH"
"idb.280738.6","MD"
"idb.280741.8","TN"
"idb.280743.a","MA"
"idb.280747.e","CA"
"idb.280766.d","NY"
"idb.280767.c","DC"
"idb.280768.3","MN"
"idb.280773.9","IL"
"idb.280776.c","PA"
"idb.280777.d","CT"
"idb.280785.0","MD"
"idb.280786.3","MT"
"idb.280800.2","CA"
"idb.280807.5","UT"
"idb.280808.a","AL"
"idb.280816.5","VA"
"idb.280822.2","RI"
"idb.280828.8","IN"
"idb.280838.9","WA"
"idb.280840.6","PA"
"idb.280851.6","IL"
"idb.280852.5","CO"
"idb.280855.2","NC"
"idb.280861.5","MD"
"idb.280866.2","MD"
"idb.280868.c","CA"
"idb.280871.4","NY"
"idb.280877.2","KS"
"idb.280878.d","NY"
"idb.280881.b","CA"
"idb.280883.9","NC"
"idb.280892.9","IL"
"idb.280893.8","IL"
"idb.280897.c","MA"
"idb.280902.1","CA"
"idb.280914.6","CT"
"idb.280920.1","MA"
"idb.280924.5","IA"
"idb.280928.9","SC"
"idb.280929.8","MD"
"idb.280930.0","CO"
"idb.280933.3","CA"
"idb.280934.4","MA"
"idb.280937.7","DC"
"idb.280939.9","NC"
"idb.280950.6","MI"
"idb.280953.5","TX"
"idb.280954.2","MA"
"idb.280962.7","MD"
"idb.280983.8","CT"
"idb.280985.e","NJ"
"idb.280986.d","WA"
"idb.281001.a","MI"
"idb.281003.8","MA"
"idb.281004.f","NY"
"idb.281005.e","CA"
"idb.281017.d","CA"
"idb.281018.2","PA"
"idb.281031.9","WI"
"idb.281032.a","PA"
"idb.281034.c","CO"
"idb.281035.d","NC"
"idb.281036.e","IL"
"idb.281037.f","TX"
"idb.281043.c","NC"
"idb.281044.b","WA"
"idb.281075.9","FL"
"idb.281076.a","MD"
"idb.281079.5","MD"
"idb.281080.3","VA"
"idb.281082.1","MA"
"idb.281084.7","OH"
"idb.281093.1","OH"
"idb.281094.6","NC"
"idb.281095.7","WI"
"idb.281096.4","VA"
"idb.281102.8","MA"
"idb.281110.b","NY"
"idb.281112.9","CA"
"idb.281117.c","VA"
"idb.281121.9","FL"
"idb.281126.e","MD"
"idb.281129.1","OR"
"idb.281131.8","WA"
"idb.281157.8","MA"
"idb.281159.6","MN"
"idb.281162.e","MA"
"idb.281189.b","PA"
"idb.281192.1","CA"
"idb.281196.5","VA"
"idb.281207.e","MD"
"idb.281208.1","CT"
"idb.281217.f","MD"
"idb.281219.1","NY"
"idb.281220.b","CA"
"idb.281221.a","NY"
"idb.281222.9","NC"
"idb.281233.9","NH"
"idb.281234.e","CA"
"idb.281236.c","NY"
"idb.281253.f","MD"
"idb.281255.9","MA"
"idb.281269.6","MA"
"idb.281272.c","MD"
"idb.281273.d","MI"
"idb.281274.a","MD"
"idb.281275.b","DE"
"idb.281277.9","WI"
"idb.281280.1","CO"
"idb.281286.7","NC"
"idb.281288.9","OR"
"idb.281295.5","MD"
"idb.281318.1","RI"
"idb.281320.a","CA"
"idb.281322.8","MA"
"idb.281323.9","NY"
"idb.281326.c","MD"
"idb.281348.4","MA"
"idb.281349.5","SC"
"idb.281350.d","CO"
"idb.281359.4","CA"
"idb.281370.f","NY"
"idb.281380.0","OR"
"idb.281386.6","WA"
"idb.281413.d","NC"
"idb.281414.a","PA"
"idb.281425.8","OR"
"idb.281441.a","IN"
"idb.281449.2","MI"
"idb.281450.a","NC"
"idb.281464.d","PA"
"idb.281466.f","MD"
"idb.281469.0","CA"
"idb.281503.d","MA"
"idb.281514.b","AZ"
"idb.281516.9","OR"
"idb.281565.d","DC"
"idb.281569.1","NY"
"idb.281572.b","CA"
"idb.281577.e","CA"
"idb.281579.0","MD"
"idb.281603.e","NY"
"idb.281617.b","WI"
"idb.281626.9","AR"
"idb.281629.6","KS"
"idb.281663.8","MD"
"idb.281721.f","MD"
"idb.281728.6","TX"
"idb.281731.e","HI"
"idb.281735.a","TX"
"idb.281749.1","MA"
"idb.281750.9","CA"
"idb.281811.3","DC"
"idb.281816.4","MA"
"idb.281820.1","CT"
"idb.281821.0","VA"
"idb.281824.5","PA"
"idb.281825.4","IN"
"idb.281833.3","AZ"
"idb.281900.2","MD"
"idb.281913.0","WA"
"idb.281916.5","MA"
"idb.281917.4","NC"
"idb.281918.b","GA"
"idb.281923.3","MD"
"idb.281926.6","DC"
"idb.281927.7","MD"
"idb.281929.9","PR"
"idb.281943.5","SC"
"idb.281949.f","MA"
"idb.281958.f","NY"
"idb.282012.b","NJ"
"idb.28203.3b","MA"
"idb.282043.f","OH"
"idb.282051.c","CA"
"idb.282058.5","AL"
"idb.282071.e","MA"
"idb.282223.b","MA"
"idb.282227.f","MA"
"idb.282228.0","VA"
"idb.282237.e","TX"
"idb.282242.c","FL"
"idb.282248.6","IL"
"idb.282256.9","NY"
"idb.282318.2","NJ"
"idb.282335.d","VA"
"idb.282356.8","PA"
"idb.282378.4","MD"
"idb.282387.4","NY"
"idb.282399.b","DC"
"idb.282405.9","MD"
"idb.282455.c","UT"
"idb.282501.c","MD"
"idb.282512.e","VA"
"idb.282533.d","DC"
"idb.282549.0","CA"
"idb.282569.2","CA"
"idb.282774.c","IL"
"idb.282776.e","CA"
"idb.282780.7","NM"
"idb.282852.7","MT"
"idb.282940.5","DC"
"idb.283003.a","VA"
"idb.283020.b","NY"
"idb.283061.e","NY"
"idb.283086.7","MN"
"idb.283116.f","TX"
"idb.283117.e","MO"
"idb.283143.f","CO"
"idb.283189.9","NM"
"idb.283194.5","CA"
"idb.283219.3","MD"
"idb.283529.7","CA"
"idb.283535.a","WA"
"idb.283556.f","WI"
"idb.283577.c","MT"
"idb.283674.c","MD"
"idb.283747.d","ME"
"idb.283991.8","CO"
"idb.284009.7","DC"
"idb.284037.a","VA"
"idb.284589.a","MA"
"idb.284593.1","NM"
"idb.284594.6","WA"
"idb.284601.9","MD"
"idb.284652.f","DC"
"idb.284661.f","TN"
"idb.284665.b","CA"
"idb.284748.5","MD"
"idb.284844.6","SC"
"idb.284932.6","IL"
"idb.28494.33","CA"
"idb.285204.9","NC"
"idb.285538.1","NY"
"idb.285544.a","CA"
"idb.285632.8","MI"
"idb.285683.2","FL"
"idb.285821.4","MA"
"idb.285945.7","TX"
"idb.286020.e","FL"
"idb.286227.b","MA"
"idb.286411.8","MD"
"idb.286440.c","CA"
"idb.2865.9","VA"
"idb.286580.1","TX"
"idb.286599.9","CA"
"idb.286606.c","WA"
"idb.286616.d","MA"
"idb.286648.6","MI"
"idb.286659.6","CO"
"idb.286674.9","NJ"
"idb.286844.4","GA"
"idb.286879.a","DC"
"idb.286884.8","NH"
"idb.286904.1","NY"
"idb.287008.5","UT"
"idb.287260.9","TX"
"idb.287491.1","IL"
"idb.287582.2","AL"
"idb.287625.c","NY"
"idb.28803.31","WI"
"idb.288093.8","VA"
"idb.288134.4","MA"
"idb.288161.4","CO"
"idb.288199.3","GA"
"idb.288223.1","NY"
"idb.288280.8","CO"
"idb.288434.1","CA"
"idb.288617.2","OH"
"idb.288757.7","NJ"
"idb.289167.3","PA"
"idb.289183.9","OR"
"idb.289255.1","TX"
"idb.289318.9","MD"
"idb.289438.c","DC"
"idb.289644.5","HI"
"idb.289731.6","MA"
"idb.289774.7","CA"
"idb.289859.7","FL"
"idb.289870.c","MA"
"idb.290014.e","NY"
"idb.290859.f","MO"
"idb.290962.6","KS"
"idb.291173.f","NY"
"idb.291287.7","CA"
"idb.291951.7","MD"
"idb.294116.9","PA"
"idb.294303.f","CO"
"idb.294336.9","VA"
"idb.294375.e","NC"
"idb.294522.a","PR"
"idb.294525.d","NC"
"idb.294662.d","MD"
"idb.294664.b","MD"
"idb.294786.6","KY"
"idb.294878.8","MD"
"idb.294925.1","DE"
"idb.294982.c","NC"
"idb.295067.f","MN"
"idb.295108.7","MA"
"idb.295250.9","SC"
"idb.295371.b","CT"
"idb.295397.3","TX"
"idb.295457.8","NY"
"idb.295546.9","WI"
"idb.295610.9","AZ"
"idb.295654.9","MA"
"idb.295699.8","IL"
"idb.295759.5","CA"
"idb.295786.7","NY"
"idb.295849.b","NV"
"idb.295852.1","CO"
"idb.295860.0","AR"
"idb.296037.9","MD"
"idb.296211.f","CA"
"idb.296275.d","ME"
"idb.296491.1","CA"
"idb.296572.d","CA"
"idb.296577.8","PA"
"idb.296679.5","PA"
"idb.296685.6","OK"
"idb.296736.f","CA"
"idb.296756.9","VA"
"idb.296797.4","CO"
"idb.296903.7","WA"
"idb.296913.6","MA"
"idb.297051.8","VA"
"idb.297133.d","TX"
"idb.297230.d","TX"
"idb.297280.6","CA"
"idb.297656.9","CO"
"idb.298107.5","CO"
"idb.298111.2","VA"
"idb.298187.d","GA"
"idb.298236.4","TN"
"idb.298247.2","GA"
"idb.298254.0","CO"
"idb.298261.6","NV"
"idb.298366.0","MA"
"idb.298421.4","AZ"
"idb.298427.2","DC"
"idb.298530.5","CA"
"idb.29857.31","PA"
"idb.298573.2","NJ"
"idb.298577.6","NV"
"idb.298600.5","VA"
"idb.298775.6","MA"
"idb.298839.1","CA"
"idb.298859.7","RI"
"idb.298869.4","CA"
"idb.298900.a","DC"
"idb.298902.8","DC"
"idb.298947.9","GA"
"idb.299005.7","DC"
"idb.299068.c","VA"
"idb.299144.3","VA"
"idb.299145.2","VA"
"idb.299158.e","CO"
"idb.299163.6","DC"
"idb.299175.1","DC"
"idb.299177.3","DC"
"idb.299279.e","MA"
"idb.299302.3","MN"
"idb.299390.8","UT"
"idb.299413.4","PA"
"idb.299564.5","DC"
"idb.299565.4","DC"
"idb.299573.3","HI"
"idb.299612.7","LA"
"idb.299629.f","CA"
"idb.29978.3d","VA"
"idb.299784.9","IL"
"idb.299848.6","MA"
"idb.299916.c","VA"
"idb.299919.3","VA"
"idb.299970.c","IL"
"idb.300177.2","DC"
"idb.300180.a","LA"
"idb.300201.0","DC"
"idb.300244.1","MA"
"idb.300330.3","DC"
"idb.300379.e","MD"
"idb.300547.5","KY"
"idb.30064.31","WA"
"idb.300943.d","MD"
"idb.300952.d","DC"
"idb.301014.7","DC"
"idb.301036.7","IN"
"idb.301039.8","NY"
"idb.30389.31","CA"
"idb.30760.32","WI"
"idb.32224.35","MA"
"idb.32348.3e","NY"
"idb.33489.35","DE"
"idb.33647.35","NY"
"idb.3393.a","NY"
"idb.34421.30","IA"
"idb.34424.35","MO"
"idb.34474.30","CA"
"idb.34477.33","WA"
"idb.3474.4","MD"
"idb.3532.7","CO"
"idb.35403.31","IL"
"idb.3613.7","NE"
"idb.36425.36","NY"
"idb.36567.31","KS"
"idb.36751.36","NJ"
"idb.38142.3c","MA"
"idb.39382.33","TX"
"idb.39479.30","MA"
"idb.39679.32","NM"
"idb.39936.36","DC"
"idb.40263.33","RI"
"idb.40803.3f","NC"
"idb.410303.5","MD"
"idb.410304.2","MD"
"idb.410305.3","MD"
"idb.410310.7","AL"
"idb.410311.6","DC"
"idb.410330.5","DC"
"idb.410331.4","DC"
"idb.410332.7","NC"
"idb.410333.6","OR"
"idb.410338.d","CA"
"idb.410347.5","IA"
"idb.410349.b","OH"
"idb.410352.1","VA"
"idb.410354.7","OR"
"idb.410355.6","PA"
"idb.410359.a","CA"
"idb.410370.1","MA"
"idb.410371.0","CA"
"idb.410372.3","CA"
"idb.410373.2","NY"
"idb.410374.5","IL"
"idb.410375.4","CO"
"idb.410377.6","DE"
"idb.410378.9","WA"
"idb.410382.c","FL"
"idb.410383.d","GA"
"idb.410385.b","NY"
"idb.410386.8","TX"
"idb.410393.c","PA"
"idb.410394.b","MN"
"idb.410395.a","MS"
"idb.410396.9","FL"
"idb.410399.6","NC"
"idb.410400.1","NV"
"idb.410402.3","NY"
"idb.410403.2","OH"
"idb.410404.5","OR"
"idb.410408.9","VA"
"idb.410409.8","CA"
"idb.410411.1","CA"
"idb.410412.2","NY"
"idb.410414.4","TX"
"idb.410418.8","NM"
"idb.410422.1","MD"
"idb.410425.6","CA"
"idb.410427.4","GA"
"idb.410428.b","LA"
"idb.410429.a","LA"
"idb.410430.2","MI"
"idb.410434.6","MD"
"idb.410435.7","CO"
"idb.410436.4","OR"
"idb.410438.a","NY"
"idb.410440.5","HI"
"idb.410441.4","NH"
"idb.410442.7","NE"
"idb.410443.6","MD"
"idb.410444.1","CO"
"idb.410445.0","HI"
"idb.410446.3","TX"
"idb.41891.35","MT"
"idb.42505.36","CA"
"idb.43582.38","CA"
"idb.4367.6","MO"
"idb.4391.f","OR"
"idb.44214.37","CA"
"idb.4437.4","DC"
"idb.4538.a","NJ"
"idb.46309.38","MA"
"idb.47100.32","CT"
"idb.47840.3f","CA"
"idb.47894.36","CO"
"idb.48336.3a","MD"
"idb.48950.30","MI"
"idb.50956.3f","CA"
"idb.51462.34","NY"
"idb.5288.7","OR"
"idb.53857.3c","UT"
"idb.5386.8","NY"
"idb.53959.33","WA"
"idb.53964.3d","WA"
"idb.55686.38","CA"
"idb.56061.34","TN"
"idb.56362.34","DC"
"idb.56466.37","MA"
"idb.57764.37","NJ"
"idb.57828.30","CO"
"idb.58090.34","MD"
"idb.59062.38","VT"
"idb.59734.3c","NY"
"idb.60094.3b","NY"
"idb.62560.37","MA"
"idb.62562.35","NC"
"idb.62813.3e","IL"
"idb.63054.34","CT"
"idb.63124.32","DC"
"idb.63368.38","TX"
"idb.64212.33","WA"
"idb.64302.33","VA"
"idb.64337.35","LA"
"idb.65456.34","FL"
"idb.65499.37","MA"
"idb.65519.3e","OK"
"idb.66142.37","NJ"
"idb.66782.3d","DC"
"idb.66875.3a","MN"
"idb.66951.3d","CA"
"idb.67033.31","MA"
"idb.67104.34","MA"
"idb.67105.35","OH"
"idb.70738.3b","AK"
"idb.78989.37","NJ"
"idb.85084.31","DC"
"idb.89170.37","DC"
"idb.89336.37","TX"
"idb.9001.8","GA"
"idb.9002.b","CA"
"idb.94225.38","DC"
"idb.94365.3d","MD"
"idb.98913.3a","CA"
